-- phpMyAdmin SQL Dump
-- version 5.1.0
-- https://www.phpmyadmin.net/
--
-- Host: 127.0.0.1
-- Generation Time: Mar 10, 2022 at 05:00 AM
-- Server version: 10.4.19-MariaDB
-- PHP Version: 7.3.28

SET SQL_MODE = "NO_AUTO_VALUE_ON_ZERO";
START TRANSACTION;
SET time_zone = "+00:00";


/*!40101 SET @OLD_CHARACTER_SET_CLIENT=@@CHARACTER_SET_CLIENT */;
/*!40101 SET @OLD_CHARACTER_SET_RESULTS=@@CHARACTER_SET_RESULTS */;
/*!40101 SET @OLD_COLLATION_CONNECTION=@@COLLATION_CONNECTION */;
/*!40101 SET NAMES utf8mb4 */;

--
-- Database: `db_kyalsc_inventory_live`
--

-- --------------------------------------------------------

--
-- Table structure for table `damage_receive_childs`
--

CREATE TABLE `damage_receive_childs` (
  `id` bigint(20) UNSIGNED NOT NULL,
  `damage_receive_parent_id` bigint(20) UNSIGNED NOT NULL,
  `requisition_child_id` bigint(20) UNSIGNED NOT NULL,
  `damage_received_quantity` decimal(15,0) NOT NULL DEFAULT 0,
  `created_at` timestamp NULL DEFAULT NULL,
  `updated_at` timestamp NULL DEFAULT NULL
) ENGINE=InnoDB DEFAULT CHARSET=utf8mb4 COLLATE=utf8mb4_unicode_ci;

-- --------------------------------------------------------

--
-- Table structure for table `damage_receive_parents`
--

CREATE TABLE `damage_receive_parents` (
  `id` bigint(20) UNSIGNED NOT NULL,
  `damage_receive_parent_id` varchar(191) COLLATE utf8mb4_unicode_ci NOT NULL,
  `requisition_parent_id` bigint(20) UNSIGNED NOT NULL,
  `received_by` bigint(20) UNSIGNED NOT NULL,
  `damage_receive_date` date NOT NULL,
  `created_at` timestamp NULL DEFAULT NULL,
  `updated_at` timestamp NULL DEFAULT NULL
) ENGINE=InnoDB DEFAULT CHARSET=utf8mb4 COLLATE=utf8mb4_unicode_ci;

-- --------------------------------------------------------

--
-- Table structure for table `departments`
--

CREATE TABLE `departments` (
  `id` bigint(20) UNSIGNED NOT NULL,
  `name` varchar(191) COLLATE utf8mb4_unicode_ci NOT NULL,
  `status` enum('1','0') COLLATE utf8mb4_unicode_ci NOT NULL,
  `created_at` timestamp NULL DEFAULT NULL,
  `updated_at` timestamp NULL DEFAULT NULL
) ENGINE=InnoDB DEFAULT CHARSET=utf8mb4 COLLATE=utf8mb4_unicode_ci;

--
-- Dumping data for table `departments`
--

INSERT INTO `departments` (`id`, `name`, `status`, `created_at`, `updated_at`) VALUES
(1, 'Information Technology', '1', NULL, NULL),
(2, 'Library and Information Science', '1', '2022-02-22 23:46:06', '2022-02-22 23:46:06'),
(3, 'Administration', '1', '2022-02-23 02:48:37', '2022-02-24 00:13:20'),
(4, 'Computer Lab', '1', '2022-02-23 02:49:11', '2022-02-23 02:49:11'),
(5, 'Sport and Outdoor', '1', '2022-02-23 21:51:31', '2022-02-23 21:51:31'),
(6, 'Home Science Lab', '1', '2022-02-23 23:04:28', '2022-02-25 23:30:17'),
(7, 'Office', '1', '2022-02-24 00:13:38', '2022-02-24 00:13:38'),
(8, 'Art and Craft', '1', '2022-02-25 23:27:56', '2022-02-25 23:27:56'),
(9, 'Primary', '1', '2022-02-26 00:13:11', '2022-02-26 00:13:11'),
(10, 'High School', '1', '2022-02-26 00:13:20', '2022-02-26 00:13:20'),
(11, 'College', '1', '2022-02-26 00:13:27', '2022-02-26 00:13:27'),
(12, 'Biology Lab', '1', '2022-02-27 01:03:38', '2022-02-27 20:56:00'),
(13, 'Physics Lab', '1', '2022-02-27 20:56:08', '2022-02-27 20:56:08'),
(14, 'Chemistry Lab', '1', '2022-02-27 20:56:34', '2022-02-27 20:56:34');

-- --------------------------------------------------------

--
-- Table structure for table `failed_jobs`
--

CREATE TABLE `failed_jobs` (
  `id` bigint(20) UNSIGNED NOT NULL,
  `uuid` varchar(191) COLLATE utf8mb4_unicode_ci NOT NULL,
  `connection` text COLLATE utf8mb4_unicode_ci NOT NULL,
  `queue` text COLLATE utf8mb4_unicode_ci NOT NULL,
  `payload` longtext COLLATE utf8mb4_unicode_ci NOT NULL,
  `exception` longtext COLLATE utf8mb4_unicode_ci NOT NULL,
  `failed_at` timestamp NOT NULL DEFAULT current_timestamp()
) ENGINE=InnoDB DEFAULT CHARSET=utf8mb4 COLLATE=utf8mb4_unicode_ci;

-- --------------------------------------------------------

--
-- Table structure for table `issued_list_childs`
--

CREATE TABLE `issued_list_childs` (
  `id` bigint(20) UNSIGNED NOT NULL,
  `requisition_child_id` bigint(20) UNSIGNED NOT NULL,
  `issued_list_parents_id` bigint(20) UNSIGNED NOT NULL,
  `issued_quantity` decimal(15,0) NOT NULL,
  `issued_date` date NOT NULL,
  `created_at` timestamp NULL DEFAULT NULL,
  `updated_at` timestamp NULL DEFAULT NULL
) ENGINE=InnoDB DEFAULT CHARSET=utf8mb4 COLLATE=utf8mb4_unicode_ci;

--
-- Dumping data for table `issued_list_childs`
--

INSERT INTO `issued_list_childs` (`id`, `requisition_child_id`, `issued_list_parents_id`, `issued_quantity`, `issued_date`, `created_at`, `updated_at`) VALUES
(1, 22, 8, '1', '2022-02-23', '2022-02-23 00:35:45', '2022-02-23 00:35:45'),
(2, 22, 9, '1', '2022-02-23', '2022-02-23 00:38:31', '2022-02-23 00:38:31'),
(3, 23, 9, '1', '2022-02-23', '2022-02-23 00:38:32', '2022-02-23 00:38:32'),
(4, 24, 9, '1', '2022-02-23', '2022-02-23 00:38:32', '2022-02-23 00:38:32'),
(5, 8, 10, '3', '2022-02-23', '2022-02-23 00:38:57', '2022-02-23 00:38:57'),
(6, 9, 10, '1', '2022-02-23', '2022-02-23 00:38:57', '2022-02-23 00:38:57'),
(7, 10, 10, '3', '2022-02-23', '2022-02-23 00:38:57', '2022-02-23 00:38:57'),
(8, 11, 10, '1', '2022-02-23', '2022-02-23 00:38:57', '2022-02-23 00:38:57'),
(9, 12, 10, '11', '2022-02-23', '2022-02-23 00:38:57', '2022-02-23 00:38:57'),
(10, 13, 10, '1', '2022-02-23', '2022-02-23 00:38:58', '2022-02-23 00:38:58'),
(11, 14, 10, '3826', '2022-02-23', '2022-02-23 00:38:58', '2022-02-23 00:38:58'),
(12, 15, 10, '2', '2022-02-23', '2022-02-23 00:38:58', '2022-02-23 00:38:58'),
(13, 16, 10, '1', '2022-02-23', '2022-02-23 00:38:58', '2022-02-23 00:38:58'),
(14, 17, 10, '1', '2022-02-23', '2022-02-23 00:38:58', '2022-02-23 00:38:58'),
(15, 18, 10, '1', '2022-02-23', '2022-02-23 00:38:58', '2022-02-23 00:38:58'),
(16, 19, 10, '1', '2022-02-23', '2022-02-23 00:38:58', '2022-02-23 00:38:58'),
(17, 20, 10, '1', '2022-02-23', '2022-02-23 00:38:59', '2022-02-23 00:38:59'),
(18, 21, 10, '1', '2022-02-23', '2022-02-23 00:38:59', '2022-02-23 00:38:59'),
(19, 1, 11, '8', '2022-02-23', '2022-02-23 00:39:11', '2022-02-23 00:39:11'),
(20, 2, 11, '7', '2022-02-23', '2022-02-23 00:39:11', '2022-02-23 00:39:11'),
(21, 3, 11, '2', '2022-02-23', '2022-02-23 00:39:11', '2022-02-23 00:39:11'),
(22, 4, 11, '1', '2022-02-23', '2022-02-23 00:39:12', '2022-02-23 00:39:12'),
(23, 5, 11, '1', '2022-02-23', '2022-02-23 00:39:12', '2022-02-23 00:39:12'),
(24, 6, 11, '15', '2022-02-23', '2022-02-23 00:39:12', '2022-02-23 00:39:12'),
(25, 7, 11, '10', '2022-02-23', '2022-02-23 00:39:12', '2022-02-23 00:39:12'),
(26, 25, 12, '1', '2022-02-23', '2022-02-23 00:58:17', '2022-02-23 00:58:17'),
(27, 26, 13, '2', '2022-02-24', '2022-02-23 22:13:41', '2022-02-23 22:13:41'),
(28, 27, 13, '4', '2022-02-24', '2022-02-23 22:13:41', '2022-02-23 22:13:41'),
(29, 28, 13, '1', '2022-02-24', '2022-02-23 22:13:41', '2022-02-23 22:13:41'),
(30, 29, 13, '2', '2022-02-24', '2022-02-23 22:13:41', '2022-02-23 22:13:41'),
(31, 30, 13, '2', '2022-02-24', '2022-02-23 22:13:41', '2022-02-23 22:13:41'),
(32, 31, 13, '6', '2022-02-24', '2022-02-23 22:13:41', '2022-02-23 22:13:41'),
(33, 32, 13, '1', '2022-02-24', '2022-02-23 22:13:41', '2022-02-23 22:13:41'),
(34, 33, 13, '4', '2022-02-24', '2022-02-23 22:13:42', '2022-02-23 22:13:42'),
(35, 34, 13, '5', '2022-02-24', '2022-02-23 22:13:42', '2022-02-23 22:13:42'),
(36, 35, 13, '2', '2022-02-24', '2022-02-23 22:13:42', '2022-02-23 22:13:42'),
(37, 36, 13, '4', '2022-02-24', '2022-02-23 22:13:42', '2022-02-23 22:13:42'),
(38, 37, 13, '2', '2022-02-24', '2022-02-23 22:13:42', '2022-02-23 22:13:42'),
(39, 38, 14, '1', '2022-02-24', '2022-02-23 23:14:53', '2022-02-23 23:14:53'),
(40, 39, 14, '5', '2022-02-24', '2022-02-23 23:14:53', '2022-02-23 23:14:53'),
(41, 40, 14, '1', '2022-02-24', '2022-02-23 23:14:53', '2022-02-23 23:14:53'),
(42, 41, 14, '3', '2022-02-24', '2022-02-23 23:14:53', '2022-02-23 23:14:53'),
(43, 42, 14, '1', '2022-02-24', '2022-02-23 23:14:53', '2022-02-23 23:14:53'),
(44, 43, 14, '1', '2022-02-24', '2022-02-23 23:14:53', '2022-02-23 23:14:53'),
(45, 44, 14, '1', '2022-02-24', '2022-02-23 23:14:53', '2022-02-23 23:14:53'),
(46, 45, 14, '2', '2022-02-24', '2022-02-23 23:14:54', '2022-02-23 23:14:54'),
(47, 46, 14, '1', '2022-02-24', '2022-02-23 23:14:54', '2022-02-23 23:14:54'),
(48, 47, 14, '1', '2022-02-24', '2022-02-23 23:14:54', '2022-02-23 23:14:54'),
(49, 48, 14, '1', '2022-02-24', '2022-02-23 23:14:54', '2022-02-23 23:14:54'),
(50, 49, 14, '1', '2022-02-24', '2022-02-23 23:14:54', '2022-02-23 23:14:54'),
(51, 50, 15, '1', '2022-02-24', '2022-02-24 00:38:07', '2022-02-24 00:38:07'),
(52, 51, 15, '1', '2022-02-24', '2022-02-24 00:38:07', '2022-02-24 00:38:07'),
(53, 52, 15, '1', '2022-02-24', '2022-02-24 00:38:07', '2022-02-24 00:38:07'),
(54, 53, 15, '4', '2022-02-24', '2022-02-24 00:38:07', '2022-02-24 00:38:07'),
(55, 54, 15, '1', '2022-02-24', '2022-02-24 00:38:07', '2022-02-24 00:38:07'),
(56, 55, 15, '2', '2022-02-24', '2022-02-24 00:38:07', '2022-02-24 00:38:07'),
(57, 56, 15, '1', '2022-02-24', '2022-02-24 00:38:08', '2022-02-24 00:38:08'),
(58, 57, 15, '1', '2022-02-24', '2022-02-24 00:38:08', '2022-02-24 00:38:08'),
(59, 58, 15, '1', '2022-02-24', '2022-02-24 00:38:08', '2022-02-24 00:38:08'),
(60, 59, 15, '1', '2022-02-24', '2022-02-24 00:38:08', '2022-02-24 00:38:08'),
(61, 60, 15, '1', '2022-02-24', '2022-02-24 00:38:08', '2022-02-24 00:38:08'),
(62, 61, 15, '1', '2022-02-24', '2022-02-24 00:38:08', '2022-02-24 00:38:08'),
(63, 62, 15, '2', '2022-02-24', '2022-02-24 00:38:08', '2022-02-24 00:38:08'),
(64, 63, 15, '4', '2022-02-24', '2022-02-24 00:38:08', '2022-02-24 00:38:08'),
(65, 64, 15, '2', '2022-02-24', '2022-02-24 00:38:09', '2022-02-24 00:38:09'),
(66, 65, 16, '1', '2022-02-24', '2022-02-24 00:38:18', '2022-02-24 00:38:18'),
(67, 66, 16, '3', '2022-02-24', '2022-02-24 00:38:18', '2022-02-24 00:38:18'),
(68, 76, 17, '1', '2022-02-24', '2022-02-24 01:16:07', '2022-02-24 01:16:07'),
(69, 75, 18, '1', '2022-02-24', '2022-02-24 01:16:13', '2022-02-24 01:16:13'),
(70, 67, 19, '1', '2022-02-24', '2022-02-24 01:16:25', '2022-02-24 01:16:25'),
(71, 68, 19, '1', '2022-02-24', '2022-02-24 01:16:25', '2022-02-24 01:16:25'),
(72, 69, 19, '1', '2022-02-24', '2022-02-24 01:16:25', '2022-02-24 01:16:25'),
(73, 70, 19, '1', '2022-02-24', '2022-02-24 01:16:25', '2022-02-24 01:16:25'),
(74, 71, 19, '1', '2022-02-24', '2022-02-24 01:16:25', '2022-02-24 01:16:25'),
(75, 72, 19, '1', '2022-02-24', '2022-02-24 01:16:25', '2022-02-24 01:16:25'),
(76, 73, 19, '1', '2022-02-24', '2022-02-24 01:16:26', '2022-02-24 01:16:26'),
(77, 74, 19, '3', '2022-02-24', '2022-02-24 01:16:26', '2022-02-24 01:16:26'),
(78, 77, 20, '4', '2022-02-26', '2022-02-26 00:01:29', '2022-02-26 00:01:29'),
(79, 78, 20, '2', '2022-02-26', '2022-02-26 00:01:30', '2022-02-26 00:01:30'),
(80, 79, 20, '36', '2022-02-26', '2022-02-26 00:01:30', '2022-02-26 00:01:30'),
(81, 80, 20, '4', '2022-02-26', '2022-02-26 00:01:30', '2022-02-26 00:01:30'),
(82, 81, 20, '7', '2022-02-26', '2022-02-26 00:01:30', '2022-02-26 00:01:30'),
(83, 82, 20, '8', '2022-02-26', '2022-02-26 00:01:30', '2022-02-26 00:01:30'),
(84, 83, 20, '6', '2022-02-26', '2022-02-26 00:01:30', '2022-02-26 00:01:30'),
(85, 84, 21, '3', '2022-02-26', '2022-02-26 00:01:48', '2022-02-26 00:01:48'),
(86, 85, 21, '1', '2022-02-26', '2022-02-26 00:01:48', '2022-02-26 00:01:48'),
(87, 86, 21, '6', '2022-02-26', '2022-02-26 00:01:48', '2022-02-26 00:01:48'),
(88, 87, 21, '30', '2022-02-26', '2022-02-26 00:01:48', '2022-02-26 00:01:48'),
(89, 88, 21, '19', '2022-02-26', '2022-02-26 00:01:48', '2022-02-26 00:01:48'),
(90, 89, 21, '28', '2022-02-26', '2022-02-26 00:01:49', '2022-02-26 00:01:49'),
(91, 90, 22, '5', '2022-02-26', '2022-02-26 00:02:01', '2022-02-26 00:02:01'),
(92, 91, 22, '15', '2022-02-26', '2022-02-26 00:02:02', '2022-02-26 00:02:02'),
(93, 92, 22, '2', '2022-02-26', '2022-02-26 00:02:02', '2022-02-26 00:02:02'),
(94, 93, 22, '4', '2022-02-26', '2022-02-26 00:02:02', '2022-02-26 00:02:02'),
(95, 94, 22, '1', '2022-02-26', '2022-02-26 00:02:02', '2022-02-26 00:02:02'),
(96, 108, 23, '40', '2022-02-26', '2022-02-26 03:26:34', '2022-02-26 03:26:34'),
(97, 109, 23, '40', '2022-02-26', '2022-02-26 03:26:34', '2022-02-26 03:26:34'),
(98, 110, 23, '6', '2022-02-26', '2022-02-26 03:26:34', '2022-02-26 03:26:34'),
(99, 111, 23, '4', '2022-02-26', '2022-02-26 03:26:34', '2022-02-26 03:26:34'),
(100, 112, 23, '1', '2022-02-26', '2022-02-26 03:26:34', '2022-02-26 03:26:34'),
(101, 113, 23, '2', '2022-02-26', '2022-02-26 03:26:34', '2022-02-26 03:26:34'),
(102, 114, 23, '2', '2022-02-26', '2022-02-26 03:26:35', '2022-02-26 03:26:35'),
(103, 115, 23, '2', '2022-02-26', '2022-02-26 03:26:35', '2022-02-26 03:26:35'),
(104, 116, 23, '1', '2022-02-26', '2022-02-26 03:26:35', '2022-02-26 03:26:35'),
(105, 117, 23, '1', '2022-02-26', '2022-02-26 03:26:35', '2022-02-26 03:26:35'),
(106, 118, 23, '1', '2022-02-26', '2022-02-26 03:26:35', '2022-02-26 03:26:35'),
(107, 119, 23, '1', '2022-02-26', '2022-02-26 03:26:35', '2022-02-26 03:26:35'),
(108, 120, 23, '1', '2022-02-26', '2022-02-26 03:26:35', '2022-02-26 03:26:35'),
(109, 95, 24, '20', '2022-02-26', '2022-02-26 03:27:01', '2022-02-26 03:27:01'),
(110, 96, 24, '40', '2022-02-26', '2022-02-26 03:27:01', '2022-02-26 03:27:01'),
(111, 97, 24, '6', '2022-02-26', '2022-02-26 03:27:01', '2022-02-26 03:27:01'),
(112, 98, 25, '4', '2022-02-26', '2022-02-26 03:31:44', '2022-02-26 03:31:44'),
(113, 99, 25, '1', '2022-02-26', '2022-02-26 03:31:44', '2022-02-26 03:31:44'),
(114, 100, 26, '0', '2022-02-26', '2022-02-26 03:32:38', '2022-02-26 03:32:38'),
(115, 101, 26, '2', '2022-02-26', '2022-02-26 03:32:38', '2022-02-26 03:32:38'),
(116, 102, 26, '2', '2022-02-26', '2022-02-26 03:32:38', '2022-02-26 03:32:38'),
(117, 103, 26, '1', '2022-02-26', '2022-02-26 03:32:38', '2022-02-26 03:32:38'),
(118, 104, 26, '1', '2022-02-26', '2022-02-26 03:32:38', '2022-02-26 03:32:38'),
(119, 105, 26, '1', '2022-02-26', '2022-02-26 03:32:38', '2022-02-26 03:32:38'),
(120, 106, 26, '1', '2022-02-26', '2022-02-26 03:32:38', '2022-02-26 03:32:38'),
(121, 107, 26, '1', '2022-02-26', '2022-02-26 03:32:38', '2022-02-26 03:32:38'),
(122, 121, 27, '25', '2022-02-26', '2022-02-26 03:44:26', '2022-02-26 03:44:26'),
(123, 122, 27, '25', '2022-02-26', '2022-02-26 03:44:26', '2022-02-26 03:44:26'),
(124, 123, 27, '3', '2022-02-26', '2022-02-26 03:44:26', '2022-02-26 03:44:26'),
(125, 124, 27, '2', '2022-02-26', '2022-02-26 03:44:26', '2022-02-26 03:44:26'),
(126, 125, 27, '1', '2022-02-26', '2022-02-26 03:44:26', '2022-02-26 03:44:26'),
(127, 126, 27, '1', '2022-02-26', '2022-02-26 03:44:26', '2022-02-26 03:44:26'),
(128, 127, 27, '1', '2022-02-26', '2022-02-26 03:44:27', '2022-02-26 03:44:27'),
(129, 128, 27, '1', '2022-02-26', '2022-02-26 03:44:27', '2022-02-26 03:44:27'),
(130, 129, 28, '1', '2022-02-26', '2022-02-26 03:44:34', '2022-02-26 03:44:34'),
(131, 130, 28, '1', '2022-02-26', '2022-02-26 03:44:34', '2022-02-26 03:44:34'),
(132, 131, 28, '1', '2022-02-26', '2022-02-26 03:44:34', '2022-02-26 03:44:34'),
(133, 100, 29, '2', '2022-02-26', '2022-02-26 03:44:54', '2022-02-26 03:44:54'),
(134, 132, 30, '25', '2022-02-26', '2022-02-26 03:55:23', '2022-02-26 03:55:23'),
(135, 133, 30, '25', '2022-02-26', '2022-02-26 03:55:23', '2022-02-26 03:55:23'),
(136, 134, 30, '3', '2022-02-26', '2022-02-26 03:55:23', '2022-02-26 03:55:23'),
(137, 135, 30, '2', '2022-02-26', '2022-02-26 03:55:23', '2022-02-26 03:55:23'),
(138, 136, 30, '1', '2022-02-26', '2022-02-26 03:55:24', '2022-02-26 03:55:24'),
(139, 137, 30, '1', '2022-02-26', '2022-02-26 03:55:24', '2022-02-26 03:55:24'),
(140, 138, 30, '1', '2022-02-26', '2022-02-26 03:55:24', '2022-02-26 03:55:24'),
(141, 139, 30, '1', '2022-02-26', '2022-02-26 03:55:24', '2022-02-26 03:55:24'),
(142, 140, 30, '1', '2022-02-26', '2022-02-26 03:55:24', '2022-02-26 03:55:24'),
(143, 141, 30, '1', '2022-02-26', '2022-02-26 03:55:24', '2022-02-26 03:55:24'),
(144, 142, 30, '1', '2022-02-26', '2022-02-26 03:55:24', '2022-02-26 03:55:24'),
(145, 143, 31, '25', '2022-02-26', '2022-02-26 04:12:31', '2022-02-26 04:12:31'),
(146, 144, 31, '25', '2022-02-26', '2022-02-26 04:12:31', '2022-02-26 04:12:31'),
(147, 145, 31, '3', '2022-02-26', '2022-02-26 04:12:31', '2022-02-26 04:12:31'),
(148, 146, 31, '2', '2022-02-26', '2022-02-26 04:12:31', '2022-02-26 04:12:31'),
(149, 147, 31, '1', '2022-02-26', '2022-02-26 04:12:31', '2022-02-26 04:12:31'),
(150, 148, 31, '1', '2022-02-26', '2022-02-26 04:12:31', '2022-02-26 04:12:31'),
(151, 149, 31, '1', '2022-02-26', '2022-02-26 04:12:31', '2022-02-26 04:12:31'),
(152, 150, 31, '1', '2022-02-26', '2022-02-26 04:12:32', '2022-02-26 04:12:32'),
(153, 151, 31, '1', '2022-02-26', '2022-02-26 04:12:32', '2022-02-26 04:12:32'),
(154, 152, 31, '1', '2022-02-26', '2022-02-26 04:12:32', '2022-02-26 04:12:32'),
(155, 153, 31, '1', '2022-02-26', '2022-02-26 04:12:32', '2022-02-26 04:12:32'),
(156, 176, 32, '25', '2022-02-26', '2022-02-26 04:33:57', '2022-02-26 04:33:57'),
(157, 177, 32, '25', '2022-02-26', '2022-02-26 04:33:57', '2022-02-26 04:33:57'),
(158, 178, 32, '3', '2022-02-26', '2022-02-26 04:33:57', '2022-02-26 04:33:57'),
(159, 179, 32, '2', '2022-02-26', '2022-02-26 04:33:57', '2022-02-26 04:33:57'),
(160, 180, 32, '1', '2022-02-26', '2022-02-26 04:33:57', '2022-02-26 04:33:57'),
(161, 181, 32, '1', '2022-02-26', '2022-02-26 04:33:58', '2022-02-26 04:33:58'),
(162, 182, 32, '1', '2022-02-26', '2022-02-26 04:33:58', '2022-02-26 04:33:58'),
(163, 183, 32, '1', '2022-02-26', '2022-02-26 04:33:58', '2022-02-26 04:33:58'),
(164, 184, 32, '1', '2022-02-26', '2022-02-26 04:33:58', '2022-02-26 04:33:58'),
(165, 185, 32, '1', '2022-02-26', '2022-02-26 04:33:58', '2022-02-26 04:33:58'),
(166, 186, 32, '1', '2022-02-26', '2022-02-26 04:33:58', '2022-02-26 04:33:58'),
(167, 165, 33, '25', '2022-02-26', '2022-02-26 04:34:22', '2022-02-26 04:34:22'),
(168, 166, 33, '25', '2022-02-26', '2022-02-26 04:34:22', '2022-02-26 04:34:22'),
(169, 167, 33, '3', '2022-02-26', '2022-02-26 04:34:22', '2022-02-26 04:34:22'),
(170, 168, 33, '2', '2022-02-26', '2022-02-26 04:34:22', '2022-02-26 04:34:22'),
(171, 169, 33, '1', '2022-02-26', '2022-02-26 04:34:22', '2022-02-26 04:34:22'),
(172, 170, 33, '1', '2022-02-26', '2022-02-26 04:34:23', '2022-02-26 04:34:23'),
(173, 171, 33, '1', '2022-02-26', '2022-02-26 04:34:23', '2022-02-26 04:34:23'),
(174, 172, 33, '1', '2022-02-26', '2022-02-26 04:34:23', '2022-02-26 04:34:23'),
(175, 173, 33, '1', '2022-02-26', '2022-02-26 04:34:23', '2022-02-26 04:34:23'),
(176, 174, 33, '1', '2022-02-26', '2022-02-26 04:34:23', '2022-02-26 04:34:23'),
(177, 175, 33, '1', '2022-02-26', '2022-02-26 04:34:23', '2022-02-26 04:34:23'),
(178, 154, 34, '25', '2022-02-26', '2022-02-26 04:34:41', '2022-02-26 04:34:41'),
(179, 155, 34, '25', '2022-02-26', '2022-02-26 04:34:41', '2022-02-26 04:34:41'),
(180, 156, 34, '3', '2022-02-26', '2022-02-26 04:34:41', '2022-02-26 04:34:41'),
(181, 157, 34, '2', '2022-02-26', '2022-02-26 04:34:42', '2022-02-26 04:34:42'),
(182, 158, 34, '1', '2022-02-26', '2022-02-26 04:34:42', '2022-02-26 04:34:42'),
(183, 159, 34, '1', '2022-02-26', '2022-02-26 04:34:42', '2022-02-26 04:34:42'),
(184, 160, 34, '1', '2022-02-26', '2022-02-26 04:34:42', '2022-02-26 04:34:42'),
(185, 161, 34, '1', '2022-02-26', '2022-02-26 04:34:42', '2022-02-26 04:34:42'),
(186, 162, 34, '1', '2022-02-26', '2022-02-26 04:34:42', '2022-02-26 04:34:42'),
(187, 163, 34, '1', '2022-02-26', '2022-02-26 04:34:42', '2022-02-26 04:34:42'),
(188, 164, 34, '1', '2022-02-26', '2022-02-26 04:34:43', '2022-02-26 04:34:43'),
(189, 229, 35, '1', '2022-02-27', '2022-02-26 21:32:26', '2022-02-26 21:32:26'),
(190, 218, 36, '1', '2022-02-27', '2022-02-26 21:32:44', '2022-02-26 21:32:44'),
(191, 219, 36, '25', '2022-02-27', '2022-02-26 21:32:45', '2022-02-26 21:32:45'),
(192, 220, 36, '25', '2022-02-27', '2022-02-26 21:32:45', '2022-02-26 21:32:45'),
(193, 221, 36, '2', '2022-02-27', '2022-02-26 21:32:45', '2022-02-26 21:32:45'),
(194, 222, 36, '4', '2022-02-27', '2022-02-26 21:32:45', '2022-02-26 21:32:45'),
(195, 223, 36, '1', '2022-02-27', '2022-02-26 21:32:45', '2022-02-26 21:32:45'),
(196, 224, 36, '1', '2022-02-27', '2022-02-26 21:32:45', '2022-02-26 21:32:45'),
(197, 225, 36, '1', '2022-02-27', '2022-02-26 21:32:46', '2022-02-26 21:32:46'),
(198, 226, 36, '1', '2022-02-27', '2022-02-26 21:32:46', '2022-02-26 21:32:46'),
(199, 227, 36, '1', '2022-02-27', '2022-02-26 21:32:46', '2022-02-26 21:32:46'),
(200, 228, 36, '1', '2022-02-27', '2022-02-26 21:32:46', '2022-02-26 21:32:46'),
(201, 209, 37, '25', '2022-02-27', '2022-02-26 21:33:03', '2022-02-26 21:33:03'),
(202, 210, 37, '25', '2022-02-27', '2022-02-26 21:33:03', '2022-02-26 21:33:03'),
(203, 211, 37, '2', '2022-02-27', '2022-02-26 21:33:03', '2022-02-26 21:33:03'),
(204, 212, 37, '3', '2022-02-27', '2022-02-26 21:33:03', '2022-02-26 21:33:03'),
(205, 213, 37, '1', '2022-02-27', '2022-02-26 21:33:03', '2022-02-26 21:33:03'),
(206, 214, 37, '1', '2022-02-27', '2022-02-26 21:33:04', '2022-02-26 21:33:04'),
(207, 215, 37, '1', '2022-02-27', '2022-02-26 21:33:04', '2022-02-26 21:33:04'),
(208, 216, 37, '1', '2022-02-27', '2022-02-26 21:33:04', '2022-02-26 21:33:04'),
(209, 217, 37, '1', '2022-02-27', '2022-02-26 21:33:04', '2022-02-26 21:33:04'),
(210, 198, 38, '25', '2022-02-27', '2022-02-26 21:33:20', '2022-02-26 21:33:20'),
(211, 199, 38, '25', '2022-02-27', '2022-02-26 21:33:20', '2022-02-26 21:33:20'),
(212, 200, 38, '3', '2022-02-27', '2022-02-26 21:33:20', '2022-02-26 21:33:20'),
(213, 201, 38, '2', '2022-02-27', '2022-02-26 21:33:20', '2022-02-26 21:33:20'),
(214, 202, 38, '1', '2022-02-27', '2022-02-26 21:33:21', '2022-02-26 21:33:21'),
(215, 203, 38, '1', '2022-02-27', '2022-02-26 21:33:21', '2022-02-26 21:33:21'),
(216, 204, 38, '1', '2022-02-27', '2022-02-26 21:33:21', '2022-02-26 21:33:21'),
(217, 205, 38, '1', '2022-02-27', '2022-02-26 21:33:21', '2022-02-26 21:33:21'),
(218, 206, 38, '1', '2022-02-27', '2022-02-26 21:33:21', '2022-02-26 21:33:21'),
(219, 207, 38, '1', '2022-02-27', '2022-02-26 21:33:22', '2022-02-26 21:33:22'),
(220, 208, 38, '1', '2022-02-27', '2022-02-26 21:33:22', '2022-02-26 21:33:22'),
(221, 187, 39, '25', '2022-02-27', '2022-02-26 21:33:51', '2022-02-26 21:33:51'),
(222, 188, 39, '25', '2022-02-27', '2022-02-26 21:33:51', '2022-02-26 21:33:51'),
(223, 189, 39, '3', '2022-02-27', '2022-02-26 21:33:51', '2022-02-26 21:33:51'),
(224, 190, 40, '0', '2022-02-27', '2022-02-26 21:34:45', '2022-02-26 21:34:45'),
(225, 191, 40, '1', '2022-02-27', '2022-02-26 21:34:45', '2022-02-26 21:34:45'),
(226, 192, 40, '1', '2022-02-27', '2022-02-26 21:34:46', '2022-02-26 21:34:46'),
(227, 193, 40, '1', '2022-02-27', '2022-02-26 21:34:46', '2022-02-26 21:34:46'),
(228, 194, 40, '1', '2022-02-27', '2022-02-26 21:34:46', '2022-02-26 21:34:46'),
(229, 195, 40, '1', '2022-02-27', '2022-02-26 21:34:46', '2022-02-26 21:34:46'),
(230, 196, 40, '1', '2022-02-27', '2022-02-26 21:34:46', '2022-02-26 21:34:46'),
(231, 197, 40, '1', '2022-02-27', '2022-02-26 21:34:46', '2022-02-26 21:34:46'),
(232, 190, 42, '2', '2022-02-27', '2022-02-26 21:37:35', '2022-02-26 21:37:35'),
(233, 260, 43, '25', '2022-02-27', '2022-02-26 22:06:50', '2022-02-26 22:06:50'),
(234, 261, 43, '25', '2022-02-27', '2022-02-26 22:06:50', '2022-02-26 22:06:50'),
(235, 262, 43, '3', '2022-02-27', '2022-02-26 22:06:50', '2022-02-26 22:06:50'),
(236, 263, 43, '2', '2022-02-27', '2022-02-26 22:06:50', '2022-02-26 22:06:50'),
(237, 264, 43, '1', '2022-02-27', '2022-02-26 22:06:50', '2022-02-26 22:06:50'),
(238, 265, 43, '1', '2022-02-27', '2022-02-26 22:06:51', '2022-02-26 22:06:51'),
(239, 266, 43, '1', '2022-02-27', '2022-02-26 22:06:51', '2022-02-26 22:06:51'),
(240, 267, 43, '1', '2022-02-27', '2022-02-26 22:06:51', '2022-02-26 22:06:51'),
(241, 268, 43, '1', '2022-02-27', '2022-02-26 22:06:51', '2022-02-26 22:06:51'),
(242, 269, 43, '1', '2022-02-27', '2022-02-26 22:06:51', '2022-02-26 22:06:51'),
(243, 270, 43, '1', '2022-02-27', '2022-02-26 22:06:51', '2022-02-26 22:06:51'),
(244, 251, 44, '23', '2022-02-27', '2022-02-26 22:07:06', '2022-02-26 22:07:06'),
(245, 252, 44, '23', '2022-02-27', '2022-02-26 22:07:06', '2022-02-26 22:07:06'),
(246, 253, 44, '3', '2022-02-27', '2022-02-26 22:07:06', '2022-02-26 22:07:06'),
(247, 254, 44, '2', '2022-02-27', '2022-02-26 22:07:06', '2022-02-26 22:07:06'),
(248, 255, 44, '1', '2022-02-27', '2022-02-26 22:07:06', '2022-02-26 22:07:06'),
(249, 256, 44, '1', '2022-02-27', '2022-02-26 22:07:06', '2022-02-26 22:07:06'),
(250, 257, 44, '1', '2022-02-27', '2022-02-26 22:07:06', '2022-02-26 22:07:06'),
(251, 258, 44, '1', '2022-02-27', '2022-02-26 22:07:06', '2022-02-26 22:07:06'),
(252, 259, 44, '1', '2022-02-27', '2022-02-26 22:07:07', '2022-02-26 22:07:07'),
(253, 241, 45, '20', '2022-02-27', '2022-02-26 22:13:23', '2022-02-26 22:13:23'),
(254, 242, 45, '20', '2022-02-27', '2022-02-26 22:13:23', '2022-02-26 22:13:23'),
(255, 243, 46, '0', '2022-02-27', '2022-02-26 22:13:43', '2022-02-26 22:13:43'),
(256, 244, 46, '2', '2022-02-27', '2022-02-26 22:13:43', '2022-02-26 22:13:43'),
(257, 245, 46, '1', '2022-02-27', '2022-02-26 22:13:43', '2022-02-26 22:13:43'),
(258, 246, 46, '1', '2022-02-27', '2022-02-26 22:13:43', '2022-02-26 22:13:43'),
(259, 247, 46, '1', '2022-02-27', '2022-02-26 22:13:43', '2022-02-26 22:13:43'),
(260, 248, 46, '1', '2022-02-27', '2022-02-26 22:13:43', '2022-02-26 22:13:43'),
(261, 249, 46, '1', '2022-02-27', '2022-02-26 22:13:43', '2022-02-26 22:13:43'),
(262, 250, 46, '1', '2022-02-27', '2022-02-26 22:13:43', '2022-02-26 22:13:43'),
(263, 243, 47, '3', '2022-02-27', '2022-02-26 22:14:52', '2022-02-26 22:14:52'),
(264, 230, 48, '31', '2022-02-27', '2022-02-26 22:15:07', '2022-02-26 22:15:07'),
(265, 231, 48, '31', '2022-02-27', '2022-02-26 22:15:07', '2022-02-26 22:15:07'),
(266, 232, 48, '3', '2022-02-27', '2022-02-26 22:15:07', '2022-02-26 22:15:07'),
(267, 233, 48, '2', '2022-02-27', '2022-02-26 22:15:07', '2022-02-26 22:15:07'),
(268, 234, 48, '1', '2022-02-27', '2022-02-26 22:15:07', '2022-02-26 22:15:07'),
(269, 235, 48, '1', '2022-02-27', '2022-02-26 22:15:07', '2022-02-26 22:15:07'),
(270, 236, 48, '1', '2022-02-27', '2022-02-26 22:15:07', '2022-02-26 22:15:07'),
(271, 237, 48, '1', '2022-02-27', '2022-02-26 22:15:08', '2022-02-26 22:15:08'),
(272, 238, 48, '1', '2022-02-27', '2022-02-26 22:15:08', '2022-02-26 22:15:08'),
(273, 239, 48, '1', '2022-02-27', '2022-02-26 22:15:08', '2022-02-26 22:15:08'),
(274, 240, 48, '1', '2022-02-27', '2022-02-26 22:15:08', '2022-02-26 22:15:08'),
(275, 324, 49, '25', '2022-02-27', '2022-02-26 23:01:48', '2022-02-26 23:01:48'),
(276, 325, 49, '25', '2022-02-27', '2022-02-26 23:01:48', '2022-02-26 23:01:48'),
(277, 326, 49, '3', '2022-02-27', '2022-02-26 23:01:49', '2022-02-26 23:01:49'),
(278, 327, 49, '2', '2022-02-27', '2022-02-26 23:01:49', '2022-02-26 23:01:49'),
(279, 328, 49, '1', '2022-02-27', '2022-02-26 23:01:49', '2022-02-26 23:01:49'),
(280, 329, 49, '1', '2022-02-27', '2022-02-26 23:01:49', '2022-02-26 23:01:49'),
(281, 330, 49, '1', '2022-02-27', '2022-02-26 23:01:49', '2022-02-26 23:01:49'),
(282, 331, 49, '1', '2022-02-27', '2022-02-26 23:01:49', '2022-02-26 23:01:49'),
(283, 332, 49, '1', '2022-02-27', '2022-02-26 23:01:49', '2022-02-26 23:01:49'),
(284, 333, 49, '1', '2022-02-27', '2022-02-26 23:01:49', '2022-02-26 23:01:49'),
(285, 334, 49, '1', '2022-02-27', '2022-02-26 23:01:49', '2022-02-26 23:01:49'),
(286, 313, 50, '25', '2022-02-27', '2022-02-26 23:02:04', '2022-02-26 23:02:04'),
(287, 314, 50, '25', '2022-02-27', '2022-02-26 23:02:04', '2022-02-26 23:02:04'),
(288, 315, 50, '3', '2022-02-27', '2022-02-26 23:02:04', '2022-02-26 23:02:04'),
(289, 316, 50, '2', '2022-02-27', '2022-02-26 23:02:04', '2022-02-26 23:02:04'),
(290, 317, 50, '1', '2022-02-27', '2022-02-26 23:02:04', '2022-02-26 23:02:04'),
(291, 318, 50, '1', '2022-02-27', '2022-02-26 23:02:05', '2022-02-26 23:02:05'),
(292, 319, 50, '1', '2022-02-27', '2022-02-26 23:02:05', '2022-02-26 23:02:05'),
(293, 320, 50, '1', '2022-02-27', '2022-02-26 23:02:05', '2022-02-26 23:02:05'),
(294, 321, 50, '1', '2022-02-27', '2022-02-26 23:02:05', '2022-02-26 23:02:05'),
(295, 322, 50, '1', '2022-02-27', '2022-02-26 23:02:05', '2022-02-26 23:02:05'),
(296, 323, 50, '1', '2022-02-27', '2022-02-26 23:02:05', '2022-02-26 23:02:05'),
(297, 302, 51, '25', '2022-02-27', '2022-02-26 23:02:26', '2022-02-26 23:02:26'),
(298, 303, 51, '25', '2022-02-27', '2022-02-26 23:02:26', '2022-02-26 23:02:26'),
(299, 304, 51, '3', '2022-02-27', '2022-02-26 23:02:26', '2022-02-26 23:02:26'),
(300, 305, 51, '2', '2022-02-27', '2022-02-26 23:02:27', '2022-02-26 23:02:27'),
(301, 306, 51, '1', '2022-02-27', '2022-02-26 23:02:27', '2022-02-26 23:02:27'),
(302, 307, 51, '1', '2022-02-27', '2022-02-26 23:02:27', '2022-02-26 23:02:27'),
(303, 308, 51, '1', '2022-02-27', '2022-02-26 23:02:27', '2022-02-26 23:02:27'),
(304, 309, 51, '1', '2022-02-27', '2022-02-26 23:02:27', '2022-02-26 23:02:27'),
(305, 310, 51, '1', '2022-02-27', '2022-02-26 23:02:27', '2022-02-26 23:02:27'),
(306, 311, 51, '1', '2022-02-27', '2022-02-26 23:02:27', '2022-02-26 23:02:27'),
(307, 312, 51, '1', '2022-02-27', '2022-02-26 23:02:27', '2022-02-26 23:02:27'),
(308, 291, 52, '25', '2022-02-27', '2022-02-26 23:02:44', '2022-02-26 23:02:44'),
(309, 292, 52, '25', '2022-02-27', '2022-02-26 23:02:44', '2022-02-26 23:02:44'),
(310, 293, 52, '3', '2022-02-27', '2022-02-26 23:02:44', '2022-02-26 23:02:44'),
(311, 294, 52, '2', '2022-02-27', '2022-02-26 23:02:44', '2022-02-26 23:02:44'),
(312, 295, 52, '1', '2022-02-27', '2022-02-26 23:02:44', '2022-02-26 23:02:44'),
(313, 296, 52, '1', '2022-02-27', '2022-02-26 23:02:44', '2022-02-26 23:02:44'),
(314, 297, 52, '1', '2022-02-27', '2022-02-26 23:02:45', '2022-02-26 23:02:45'),
(315, 298, 52, '1', '2022-02-27', '2022-02-26 23:02:45', '2022-02-26 23:02:45'),
(316, 299, 52, '1', '2022-02-27', '2022-02-26 23:02:45', '2022-02-26 23:02:45'),
(317, 300, 52, '1', '2022-02-27', '2022-02-26 23:02:45', '2022-02-26 23:02:45'),
(318, 301, 52, '1', '2022-02-27', '2022-02-26 23:02:45', '2022-02-26 23:02:45'),
(319, 281, 53, '25', '2022-02-27', '2022-02-26 23:03:00', '2022-02-26 23:03:00'),
(320, 282, 53, '25', '2022-02-27', '2022-02-26 23:03:00', '2022-02-26 23:03:00'),
(321, 283, 53, '3', '2022-02-27', '2022-02-26 23:03:00', '2022-02-26 23:03:00'),
(322, 284, 53, '2', '2022-02-27', '2022-02-26 23:03:00', '2022-02-26 23:03:00'),
(323, 285, 53, '1', '2022-02-27', '2022-02-26 23:03:00', '2022-02-26 23:03:00'),
(324, 286, 53, '1', '2022-02-27', '2022-02-26 23:03:00', '2022-02-26 23:03:00'),
(325, 287, 53, '1', '2022-02-27', '2022-02-26 23:03:00', '2022-02-26 23:03:00'),
(326, 288, 53, '1', '2022-02-27', '2022-02-26 23:03:01', '2022-02-26 23:03:01'),
(327, 289, 53, '1', '2022-02-27', '2022-02-26 23:03:01', '2022-02-26 23:03:01'),
(328, 290, 53, '1', '2022-02-27', '2022-02-26 23:03:01', '2022-02-26 23:03:01'),
(329, 271, 54, '25', '2022-02-27', '2022-02-26 23:03:15', '2022-02-26 23:03:15'),
(330, 272, 54, '25', '2022-02-27', '2022-02-26 23:03:15', '2022-02-26 23:03:15'),
(331, 273, 54, '3', '2022-02-27', '2022-02-26 23:03:15', '2022-02-26 23:03:15'),
(332, 274, 54, '2', '2022-02-27', '2022-02-26 23:03:15', '2022-02-26 23:03:15'),
(333, 275, 54, '1', '2022-02-27', '2022-02-26 23:03:15', '2022-02-26 23:03:15'),
(334, 276, 54, '1', '2022-02-27', '2022-02-26 23:03:15', '2022-02-26 23:03:15'),
(335, 277, 54, '1', '2022-02-27', '2022-02-26 23:03:15', '2022-02-26 23:03:15'),
(336, 278, 54, '1', '2022-02-27', '2022-02-26 23:03:15', '2022-02-26 23:03:15'),
(337, 279, 54, '1', '2022-02-27', '2022-02-26 23:03:15', '2022-02-26 23:03:15'),
(338, 280, 54, '1', '2022-02-27', '2022-02-26 23:03:16', '2022-02-26 23:03:16'),
(339, 346, 55, '1', '2022-02-27', '2022-02-27 00:27:59', '2022-02-27 00:27:59'),
(340, 345, 56, '12', '2022-02-27', '2022-02-27 00:28:05', '2022-02-27 00:28:05'),
(341, 335, 57, '1', '2022-02-27', '2022-02-27 00:28:25', '2022-02-27 00:28:25'),
(342, 336, 57, '30', '2022-02-27', '2022-02-27 00:28:25', '2022-02-27 00:28:25'),
(343, 337, 57, '30', '2022-02-27', '2022-02-27 00:28:25', '2022-02-27 00:28:25'),
(344, 338, 57, '12', '2022-02-27', '2022-02-27 00:28:25', '2022-02-27 00:28:25'),
(345, 339, 57, '1', '2022-02-27', '2022-02-27 00:28:25', '2022-02-27 00:28:25'),
(346, 340, 57, '1', '2022-02-27', '2022-02-27 00:28:26', '2022-02-27 00:28:26'),
(347, 341, 57, '1', '2022-02-27', '2022-02-27 00:28:26', '2022-02-27 00:28:26'),
(348, 342, 57, '1', '2022-02-27', '2022-02-27 00:28:26', '2022-02-27 00:28:26'),
(349, 343, 57, '1', '2022-02-27', '2022-02-27 00:28:26', '2022-02-27 00:28:26'),
(350, 344, 57, '3', '2022-02-27', '2022-02-27 00:28:26', '2022-02-27 00:28:26'),
(351, 347, 58, '1', '2022-02-27', '2022-02-27 00:38:36', '2022-02-27 00:38:36'),
(352, 348, 58, '5', '2022-02-27', '2022-02-27 00:38:37', '2022-02-27 00:38:37'),
(353, 349, 58, '1', '2022-02-27', '2022-02-27 00:38:37', '2022-02-27 00:38:37'),
(354, 350, 58, '1', '2022-02-27', '2022-02-27 00:38:37', '2022-02-27 00:38:37'),
(355, 351, 58, '2', '2022-02-27', '2022-02-27 00:38:37', '2022-02-27 00:38:37'),
(356, 352, 58, '1', '2022-02-27', '2022-02-27 00:38:37', '2022-02-27 00:38:37'),
(357, 353, 58, '1', '2022-02-27', '2022-02-27 00:38:37', '2022-02-27 00:38:37'),
(358, 354, 58, '1', '2022-02-27', '2022-02-27 00:38:37', '2022-02-27 00:38:37'),
(359, 370, 59, '2', '2022-02-28', '2022-02-27 23:39:25', '2022-02-27 23:39:25'),
(360, 371, 59, '2', '2022-02-28', '2022-02-27 23:39:25', '2022-02-27 23:39:25'),
(361, 372, 59, '1', '2022-02-28', '2022-02-27 23:39:25', '2022-02-27 23:39:25'),
(362, 373, 59, '2', '2022-02-28', '2022-02-27 23:39:26', '2022-02-27 23:39:26'),
(363, 374, 59, '9', '2022-02-28', '2022-02-27 23:39:26', '2022-02-27 23:39:26'),
(364, 375, 59, '41', '2022-02-28', '2022-02-27 23:39:26', '2022-02-27 23:39:26'),
(365, 376, 59, '4', '2022-02-28', '2022-02-27 23:39:26', '2022-02-27 23:39:26'),
(366, 377, 59, '1', '2022-02-28', '2022-02-27 23:39:26', '2022-02-27 23:39:26'),
(367, 378, 59, '1', '2022-02-28', '2022-02-27 23:39:26', '2022-02-27 23:39:26'),
(368, 379, 59, '2', '2022-02-28', '2022-02-27 23:39:27', '2022-02-27 23:39:27'),
(369, 380, 59, '1', '2022-02-28', '2022-02-27 23:39:27', '2022-02-27 23:39:27'),
(370, 381, 59, '1', '2022-02-28', '2022-02-27 23:39:27', '2022-02-27 23:39:27'),
(371, 382, 59, '1', '2022-02-28', '2022-02-27 23:39:27', '2022-02-27 23:39:27'),
(372, 383, 59, '100', '2022-02-28', '2022-02-27 23:39:28', '2022-02-27 23:39:28'),
(373, 384, 59, '17', '2022-02-28', '2022-02-27 23:39:28', '2022-02-27 23:39:28'),
(374, 385, 59, '8', '2022-02-28', '2022-02-27 23:39:28', '2022-02-27 23:39:28'),
(375, 386, 59, '10', '2022-02-28', '2022-02-27 23:39:28', '2022-02-27 23:39:28'),
(376, 387, 59, '6', '2022-02-28', '2022-02-27 23:39:28', '2022-02-27 23:39:28'),
(377, 388, 59, '2', '2022-02-28', '2022-02-27 23:39:28', '2022-02-27 23:39:28'),
(378, 389, 59, '2', '2022-02-28', '2022-02-27 23:39:29', '2022-02-27 23:39:29'),
(379, 390, 59, '19', '2022-02-28', '2022-02-27 23:39:29', '2022-02-27 23:39:29'),
(380, 391, 59, '2', '2022-02-28', '2022-02-27 23:39:29', '2022-02-27 23:39:29'),
(381, 392, 59, '2', '2022-02-28', '2022-02-27 23:39:29', '2022-02-27 23:39:29'),
(382, 393, 59, '10', '2022-02-28', '2022-02-27 23:39:29', '2022-02-27 23:39:29'),
(383, 394, 59, '1', '2022-02-28', '2022-02-27 23:39:29', '2022-02-27 23:39:29'),
(384, 395, 59, '13', '2022-02-28', '2022-02-27 23:39:30', '2022-02-27 23:39:30'),
(385, 396, 59, '1', '2022-02-28', '2022-02-27 23:39:30', '2022-02-27 23:39:30'),
(386, 397, 59, '3', '2022-02-28', '2022-02-27 23:39:30', '2022-02-27 23:39:30'),
(387, 398, 59, '1', '2022-02-28', '2022-02-27 23:39:30', '2022-02-27 23:39:30'),
(388, 399, 59, '2', '2022-02-28', '2022-02-27 23:39:30', '2022-02-27 23:39:30'),
(389, 400, 59, '2', '2022-02-28', '2022-02-27 23:39:30', '2022-02-27 23:39:30'),
(390, 401, 59, '1', '2022-02-28', '2022-02-27 23:39:31', '2022-02-27 23:39:31'),
(391, 402, 59, '1', '2022-02-28', '2022-02-27 23:39:31', '2022-02-27 23:39:31'),
(392, 403, 59, '3', '2022-02-28', '2022-02-27 23:39:31', '2022-02-27 23:39:31'),
(393, 404, 59, '1', '2022-02-28', '2022-02-27 23:39:31', '2022-02-27 23:39:31'),
(394, 405, 59, '13', '2022-02-28', '2022-02-27 23:39:31', '2022-02-27 23:39:31'),
(395, 406, 59, '1', '2022-02-28', '2022-02-27 23:39:31', '2022-02-27 23:39:31'),
(396, 407, 59, '1', '2022-02-28', '2022-02-27 23:39:32', '2022-02-27 23:39:32'),
(397, 408, 59, '1', '2022-02-28', '2022-02-27 23:39:32', '2022-02-27 23:39:32'),
(398, 409, 59, '1', '2022-02-28', '2022-02-27 23:39:32', '2022-02-27 23:39:32'),
(399, 410, 59, '2', '2022-02-28', '2022-02-27 23:39:32', '2022-02-27 23:39:32'),
(400, 411, 59, '15', '2022-02-28', '2022-02-27 23:39:32', '2022-02-27 23:39:32'),
(401, 412, 59, '1', '2022-02-28', '2022-02-27 23:39:33', '2022-02-27 23:39:33'),
(402, 413, 59, '1', '2022-02-28', '2022-02-27 23:39:33', '2022-02-27 23:39:33'),
(403, 414, 59, '1', '2022-02-28', '2022-02-27 23:39:33', '2022-02-27 23:39:33'),
(404, 415, 59, '32', '2022-02-28', '2022-02-27 23:39:33', '2022-02-27 23:39:33'),
(405, 416, 59, '1', '2022-02-28', '2022-02-27 23:39:33', '2022-02-27 23:39:33'),
(406, 417, 59, '1', '2022-02-28', '2022-02-27 23:39:33', '2022-02-27 23:39:33'),
(407, 355, 60, '120', '2022-02-28', '2022-02-27 23:40:07', '2022-02-27 23:40:07'),
(408, 356, 60, '100', '2022-02-28', '2022-02-27 23:40:07', '2022-02-27 23:40:07'),
(409, 357, 60, '100', '2022-02-28', '2022-02-27 23:40:07', '2022-02-27 23:40:07'),
(410, 358, 60, '100', '2022-02-28', '2022-02-27 23:40:07', '2022-02-27 23:40:07'),
(411, 359, 60, '100', '2022-02-28', '2022-02-27 23:40:08', '2022-02-27 23:40:08'),
(412, 360, 60, '100', '2022-02-28', '2022-02-27 23:40:08', '2022-02-27 23:40:08'),
(413, 361, 60, '150', '2022-02-28', '2022-02-27 23:40:08', '2022-02-27 23:40:08'),
(414, 362, 60, '100', '2022-02-28', '2022-02-27 23:40:08', '2022-02-27 23:40:08'),
(415, 363, 60, '1', '2022-02-28', '2022-02-27 23:40:08', '2022-02-27 23:40:08'),
(416, 364, 60, '4', '2022-02-28', '2022-02-27 23:40:08', '2022-02-27 23:40:08'),
(417, 365, 60, '150', '2022-02-28', '2022-02-27 23:40:08', '2022-02-27 23:40:08'),
(418, 366, 60, '100', '2022-02-28', '2022-02-27 23:40:09', '2022-02-27 23:40:09'),
(419, 367, 60, '100', '2022-02-28', '2022-02-27 23:40:09', '2022-02-27 23:40:09'),
(420, 368, 60, '20', '2022-02-28', '2022-02-27 23:40:09', '2022-02-27 23:40:09'),
(421, 369, 60, '5', '2022-02-28', '2022-02-27 23:40:09', '2022-02-27 23:40:09'),
(422, 418, 61, '5', '2022-02-28', '2022-02-28 02:46:21', '2022-02-28 02:46:21'),
(423, 419, 61, '5', '2022-02-28', '2022-02-28 02:46:22', '2022-02-28 02:46:22'),
(424, 420, 61, '2', '2022-02-28', '2022-02-28 02:46:22', '2022-02-28 02:46:22'),
(425, 421, 61, '14', '2022-02-28', '2022-02-28 02:46:22', '2022-02-28 02:46:22'),
(426, 422, 61, '1', '2022-02-28', '2022-02-28 02:46:22', '2022-02-28 02:46:22'),
(427, 423, 61, '2', '2022-02-28', '2022-02-28 02:46:22', '2022-02-28 02:46:22'),
(428, 424, 61, '8', '2022-02-28', '2022-02-28 02:46:22', '2022-02-28 02:46:22'),
(429, 425, 61, '3', '2022-02-28', '2022-02-28 02:46:23', '2022-02-28 02:46:23'),
(430, 426, 61, '2', '2022-02-28', '2022-02-28 02:46:23', '2022-02-28 02:46:23'),
(431, 427, 61, '10', '2022-02-28', '2022-02-28 02:46:23', '2022-02-28 02:46:23'),
(432, 428, 61, '3', '2022-02-28', '2022-02-28 02:46:23', '2022-02-28 02:46:23'),
(433, 429, 61, '1', '2022-02-28', '2022-02-28 02:46:23', '2022-02-28 02:46:23'),
(434, 430, 61, '4', '2022-02-28', '2022-02-28 02:46:23', '2022-02-28 02:46:23'),
(435, 431, 61, '3', '2022-02-28', '2022-02-28 02:46:24', '2022-02-28 02:46:24'),
(436, 432, 61, '1', '2022-02-28', '2022-02-28 02:46:24', '2022-02-28 02:46:24'),
(437, 433, 61, '1', '2022-02-28', '2022-02-28 02:46:24', '2022-02-28 02:46:24'),
(438, 434, 61, '9', '2022-02-28', '2022-02-28 02:46:24', '2022-02-28 02:46:24'),
(439, 435, 61, '9', '2022-02-28', '2022-02-28 02:46:24', '2022-02-28 02:46:24'),
(440, 436, 61, '4', '2022-02-28', '2022-02-28 02:46:24', '2022-02-28 02:46:24'),
(441, 437, 61, '6', '2022-02-28', '2022-02-28 02:46:25', '2022-02-28 02:46:25'),
(442, 438, 61, '1', '2022-02-28', '2022-02-28 02:46:25', '2022-02-28 02:46:25'),
(443, 439, 61, '4', '2022-02-28', '2022-02-28 02:46:25', '2022-02-28 02:46:25'),
(444, 440, 61, '3', '2022-02-28', '2022-02-28 02:46:25', '2022-02-28 02:46:25'),
(445, 441, 61, '5', '2022-02-28', '2022-02-28 02:46:25', '2022-02-28 02:46:25'),
(446, 442, 61, '4', '2022-02-28', '2022-02-28 02:46:25', '2022-02-28 02:46:25'),
(447, 443, 61, '4', '2022-02-28', '2022-02-28 02:46:25', '2022-02-28 02:46:25'),
(448, 444, 61, '2', '2022-02-28', '2022-02-28 02:46:26', '2022-02-28 02:46:26'),
(449, 445, 61, '5', '2022-02-28', '2022-02-28 02:46:26', '2022-02-28 02:46:26'),
(450, 446, 61, '1', '2022-02-28', '2022-02-28 02:46:26', '2022-02-28 02:46:26'),
(451, 447, 61, '2', '2022-02-28', '2022-02-28 02:46:26', '2022-02-28 02:46:26'),
(452, 448, 61, '1', '2022-02-28', '2022-02-28 02:46:26', '2022-02-28 02:46:26'),
(453, 449, 61, '4', '2022-02-28', '2022-02-28 02:46:27', '2022-02-28 02:46:27'),
(454, 450, 61, '2', '2022-02-28', '2022-02-28 02:46:27', '2022-02-28 02:46:27'),
(455, 451, 61, '2', '2022-02-28', '2022-02-28 02:46:27', '2022-02-28 02:46:27'),
(456, 477, 62, '1', '2022-03-05', '2022-03-04 21:40:32', '2022-03-04 21:40:32'),
(457, 478, 62, '10', '2022-03-05', '2022-03-04 21:40:32', '2022-03-04 21:40:32'),
(458, 479, 62, '17', '2022-03-05', '2022-03-04 21:40:32', '2022-03-04 21:40:32'),
(459, 480, 62, '10', '2022-03-05', '2022-03-04 21:40:33', '2022-03-04 21:40:33'),
(460, 481, 62, '13', '2022-03-05', '2022-03-04 21:40:33', '2022-03-04 21:40:33'),
(461, 482, 62, '9', '2022-03-05', '2022-03-04 21:40:33', '2022-03-04 21:40:33'),
(462, 483, 62, '2', '2022-03-05', '2022-03-04 21:40:33', '2022-03-04 21:40:33'),
(463, 484, 62, '5', '2022-03-05', '2022-03-04 21:40:33', '2022-03-04 21:40:33'),
(464, 485, 62, '3', '2022-03-05', '2022-03-04 21:40:33', '2022-03-04 21:40:33'),
(465, 486, 62, '2', '2022-03-05', '2022-03-04 21:40:33', '2022-03-04 21:40:33'),
(466, 487, 62, '1', '2022-03-05', '2022-03-04 21:40:34', '2022-03-04 21:40:34'),
(467, 488, 62, '2', '2022-03-05', '2022-03-04 21:40:34', '2022-03-04 21:40:34'),
(468, 489, 62, '1', '2022-03-05', '2022-03-04 21:40:34', '2022-03-04 21:40:34'),
(469, 490, 62, '1', '2022-03-05', '2022-03-04 21:40:34', '2022-03-04 21:40:34'),
(470, 491, 62, '2', '2022-03-05', '2022-03-04 21:40:34', '2022-03-04 21:40:34'),
(471, 492, 62, '2', '2022-03-05', '2022-03-04 21:40:34', '2022-03-04 21:40:34'),
(472, 493, 62, '4', '2022-03-05', '2022-03-04 21:40:34', '2022-03-04 21:40:34'),
(473, 494, 62, '1', '2022-03-05', '2022-03-04 21:40:35', '2022-03-04 21:40:35'),
(474, 495, 62, '6', '2022-03-05', '2022-03-04 21:40:35', '2022-03-04 21:40:35'),
(475, 496, 62, '5', '2022-03-05', '2022-03-04 21:40:35', '2022-03-04 21:40:35'),
(476, 497, 62, '1', '2022-03-05', '2022-03-04 21:40:35', '2022-03-04 21:40:35'),
(477, 498, 62, '5', '2022-03-05', '2022-03-04 21:40:35', '2022-03-04 21:40:35'),
(478, 499, 62, '15', '2022-03-05', '2022-03-04 21:40:35', '2022-03-04 21:40:35'),
(479, 500, 62, '24', '2022-03-05', '2022-03-04 21:40:36', '2022-03-04 21:40:36'),
(480, 501, 62, '1', '2022-03-05', '2022-03-04 21:40:36', '2022-03-04 21:40:36'),
(481, 502, 62, '1', '2022-03-05', '2022-03-04 21:40:36', '2022-03-04 21:40:36'),
(482, 503, 62, '1', '2022-03-05', '2022-03-04 21:40:36', '2022-03-04 21:40:36'),
(483, 504, 62, '2', '2022-03-05', '2022-03-04 21:40:36', '2022-03-04 21:40:36'),
(484, 505, 62, '6', '2022-03-05', '2022-03-04 21:40:37', '2022-03-04 21:40:37'),
(485, 506, 62, '1', '2022-03-05', '2022-03-04 21:40:37', '2022-03-04 21:40:37'),
(486, 507, 62, '7', '2022-03-05', '2022-03-04 21:40:37', '2022-03-04 21:40:37'),
(487, 508, 62, '1', '2022-03-05', '2022-03-04 21:40:37', '2022-03-04 21:40:37'),
(488, 509, 62, '1', '2022-03-05', '2022-03-04 21:40:37', '2022-03-04 21:40:37'),
(489, 510, 62, '5', '2022-03-05', '2022-03-04 21:40:37', '2022-03-04 21:40:37'),
(490, 452, 63, '2', '2022-03-05', '2022-03-04 21:41:13', '2022-03-04 21:41:13'),
(491, 453, 63, '2', '2022-03-05', '2022-03-04 21:41:13', '2022-03-04 21:41:13'),
(492, 454, 63, '2', '2022-03-05', '2022-03-04 21:41:13', '2022-03-04 21:41:13'),
(493, 455, 63, '2', '2022-03-05', '2022-03-04 21:41:13', '2022-03-04 21:41:13'),
(494, 456, 63, '2', '2022-03-05', '2022-03-04 21:41:13', '2022-03-04 21:41:13'),
(495, 457, 63, '3', '2022-03-05', '2022-03-04 21:41:14', '2022-03-04 21:41:14'),
(496, 458, 63, '2', '2022-03-05', '2022-03-04 21:41:14', '2022-03-04 21:41:14'),
(497, 459, 63, '3', '2022-03-05', '2022-03-04 21:41:14', '2022-03-04 21:41:14'),
(498, 460, 63, '1', '2022-03-05', '2022-03-04 21:41:14', '2022-03-04 21:41:14'),
(499, 461, 63, '1', '2022-03-05', '2022-03-04 21:41:14', '2022-03-04 21:41:14'),
(500, 462, 63, '3', '2022-03-05', '2022-03-04 21:41:14', '2022-03-04 21:41:14'),
(501, 463, 63, '1', '2022-03-05', '2022-03-04 21:41:14', '2022-03-04 21:41:14'),
(502, 464, 63, '2', '2022-03-05', '2022-03-04 21:41:15', '2022-03-04 21:41:15'),
(503, 465, 63, '5', '2022-03-05', '2022-03-04 21:41:15', '2022-03-04 21:41:15'),
(504, 466, 63, '2', '2022-03-05', '2022-03-04 21:41:15', '2022-03-04 21:41:15'),
(505, 467, 63, '1', '2022-03-05', '2022-03-04 21:41:15', '2022-03-04 21:41:15'),
(506, 468, 63, '7', '2022-03-05', '2022-03-04 21:41:15', '2022-03-04 21:41:15'),
(507, 469, 63, '2', '2022-03-05', '2022-03-04 21:41:15', '2022-03-04 21:41:15'),
(508, 470, 63, '4', '2022-03-05', '2022-03-04 21:41:16', '2022-03-04 21:41:16'),
(509, 471, 63, '2', '2022-03-05', '2022-03-04 21:41:16', '2022-03-04 21:41:16'),
(510, 472, 63, '2', '2022-03-05', '2022-03-04 21:41:16', '2022-03-04 21:41:16'),
(511, 473, 63, '5', '2022-03-05', '2022-03-04 21:41:16', '2022-03-04 21:41:16'),
(512, 474, 63, '4', '2022-03-05', '2022-03-04 21:41:16', '2022-03-04 21:41:16'),
(513, 475, 63, '5', '2022-03-05', '2022-03-04 21:41:17', '2022-03-04 21:41:17'),
(514, 476, 63, '100', '2022-03-05', '2022-03-04 21:41:17', '2022-03-04 21:41:17');

-- --------------------------------------------------------

--
-- Table structure for table `issued_list_parents`
--

CREATE TABLE `issued_list_parents` (
  `id` bigint(20) UNSIGNED NOT NULL,
  `issued_by` bigint(20) UNSIGNED NOT NULL,
  `requisition_vou_no` bigint(20) UNSIGNED NOT NULL,
  `issued_id` varchar(191) COLLATE utf8mb4_unicode_ci NOT NULL,
  `issued_date` date NOT NULL,
  `created_at` timestamp NULL DEFAULT NULL,
  `updated_at` timestamp NULL DEFAULT NULL
) ENGINE=InnoDB DEFAULT CHARSET=utf8mb4 COLLATE=utf8mb4_unicode_ci;

--
-- Dumping data for table `issued_list_parents`
--

INSERT INTO `issued_list_parents` (`id`, `issued_by`, `requisition_vou_no`, `issued_id`, `issued_date`, `created_at`, `updated_at`) VALUES
(1, 1, 3, 'IS-20220223062937106', '2022-02-23', '2022-02-23 00:29:37', '2022-02-23 00:29:37'),
(2, 1, 3, 'IS-20220223062948161', '2022-02-23', '2022-02-23 00:29:48', '2022-02-23 00:29:48'),
(3, 1, 2, 'IS-20220223063018169', '2022-02-23', '2022-02-23 00:30:18', '2022-02-23 00:30:18'),
(4, 1, 1, 'IS-20220223063051180', '2022-02-23', '2022-02-23 00:30:51', '2022-02-23 00:30:51'),
(5, 1, 3, 'IS-20220223063132141', '2022-02-23', '2022-02-23 00:31:32', '2022-02-23 00:31:32'),
(6, 1, 3, 'IS-20220223063357166', '2022-02-23', '2022-02-23 00:33:57', '2022-02-23 00:33:57'),
(7, 1, 3, 'IS-20220223063540112', '2022-02-23', '2022-02-23 00:35:40', '2022-02-23 00:35:40'),
(8, 1, 3, 'IS-20220223063545188', '2022-02-23', '2022-02-23 00:35:45', '2022-02-23 00:35:45'),
(9, 1, 3, 'IS-20220223063831118', '2022-02-23', '2022-02-23 00:38:31', '2022-02-23 00:38:31'),
(10, 1, 2, 'IS-20220223063857179', '2022-02-23', '2022-02-23 00:38:57', '2022-02-23 00:38:57'),
(11, 1, 1, 'IS-20220223063911192', '2022-02-23', '2022-02-23 00:39:11', '2022-02-23 00:39:11'),
(12, 1, 4, 'IS-20220223065817147', '2022-02-23', '2022-02-23 00:58:17', '2022-02-23 00:58:17'),
(13, 1, 5, 'IS-20220224041340126', '2022-02-24', '2022-02-23 22:13:40', '2022-02-23 22:13:40'),
(14, 1, 6, 'IS-20220224051452194', '2022-02-24', '2022-02-23 23:14:52', '2022-02-23 23:14:52'),
(15, 1, 7, 'IS-20220224063807135', '2022-02-24', '2022-02-24 00:38:07', '2022-02-24 00:38:07'),
(16, 1, 8, 'IS-20220224063818133', '2022-02-24', '2022-02-24 00:38:18', '2022-02-24 00:38:18'),
(17, 1, 11, 'IS-20220224071607182', '2022-02-24', '2022-02-24 01:16:07', '2022-02-24 01:16:07'),
(18, 1, 10, 'IS-20220224071613196', '2022-02-24', '2022-02-24 01:16:13', '2022-02-24 01:16:13'),
(19, 1, 9, 'IS-20220224071625196', '2022-02-24', '2022-02-24 01:16:25', '2022-02-24 01:16:25'),
(20, 1, 12, 'IS-20220226060129114', '2022-02-26', '2022-02-26 00:01:29', '2022-02-26 00:01:29'),
(21, 1, 13, 'IS-20220226060148182', '2022-02-26', '2022-02-26 00:01:48', '2022-02-26 00:01:48'),
(22, 1, 14, 'IS-20220226060201102', '2022-02-26', '2022-02-26 00:02:01', '2022-02-26 00:02:01'),
(23, 1, 16, 'IS-20220226092634160', '2022-02-26', '2022-02-26 03:26:34', '2022-02-26 03:26:34'),
(24, 1, 15, 'IS-20220226092701169', '2022-02-26', '2022-02-26 03:27:01', '2022-02-26 03:27:01'),
(25, 1, 15, 'IS-20220226093144161', '2022-02-26', '2022-02-26 03:31:44', '2022-02-26 03:31:44'),
(26, 1, 15, 'IS-20220226093238146', '2022-02-26', '2022-02-26 03:32:38', '2022-02-26 03:32:38'),
(27, 1, 17, 'IS-20220226094426133', '2022-02-26', '2022-02-26 03:44:26', '2022-02-26 03:44:26'),
(28, 1, 18, 'IS-20220226094434115', '2022-02-26', '2022-02-26 03:44:34', '2022-02-26 03:44:34'),
(29, 1, 15, 'IS-20220226094454145', '2022-02-26', '2022-02-26 03:44:54', '2022-02-26 03:44:54'),
(30, 1, 19, 'IS-20220226095523186', '2022-02-26', '2022-02-26 03:55:23', '2022-02-26 03:55:23'),
(31, 1, 20, 'IS-20220226101231172', '2022-02-26', '2022-02-26 04:12:31', '2022-02-26 04:12:31'),
(32, 1, 23, 'IS-20220226103357110', '2022-02-26', '2022-02-26 04:33:57', '2022-02-26 04:33:57'),
(33, 1, 22, 'IS-20220226103422141', '2022-02-26', '2022-02-26 04:34:22', '2022-02-26 04:34:22'),
(34, 1, 21, 'IS-20220226103441135', '2022-02-26', '2022-02-26 04:34:41', '2022-02-26 04:34:41'),
(35, 1, 28, 'IS-20220227033226165', '2022-02-27', '2022-02-26 21:32:26', '2022-02-26 21:32:26'),
(36, 1, 27, 'IS-20220227033244119', '2022-02-27', '2022-02-26 21:32:44', '2022-02-26 21:32:44'),
(37, 1, 26, 'IS-20220227033303182', '2022-02-27', '2022-02-26 21:33:03', '2022-02-26 21:33:03'),
(38, 1, 25, 'IS-20220227033320126', '2022-02-27', '2022-02-26 21:33:20', '2022-02-26 21:33:20'),
(39, 1, 24, 'IS-20220227033351178', '2022-02-27', '2022-02-26 21:33:51', '2022-02-26 21:33:51'),
(40, 1, 24, 'IS-20220227033445130', '2022-02-27', '2022-02-26 21:34:45', '2022-02-26 21:34:45'),
(41, 1, 24, 'IS-20220227033453160', '2022-02-27', '2022-02-26 21:34:53', '2022-02-26 21:34:53'),
(42, 1, 24, 'IS-20220227033735171', '2022-02-27', '2022-02-26 21:37:35', '2022-02-26 21:37:35'),
(43, 1, 32, 'IS-20220227040650103', '2022-02-27', '2022-02-26 22:06:50', '2022-02-26 22:06:50'),
(44, 1, 31, 'IS-20220227040706125', '2022-02-27', '2022-02-26 22:07:06', '2022-02-26 22:07:06'),
(45, 1, 30, 'IS-20220227041323144', '2022-02-27', '2022-02-26 22:13:23', '2022-02-26 22:13:23'),
(46, 1, 30, 'IS-20220227041342197', '2022-02-27', '2022-02-26 22:13:42', '2022-02-26 22:13:42'),
(47, 1, 30, 'IS-20220227041452136', '2022-02-27', '2022-02-26 22:14:52', '2022-02-26 22:14:52'),
(48, 1, 29, 'IS-20220227041507161', '2022-02-27', '2022-02-26 22:15:07', '2022-02-26 22:15:07'),
(49, 1, 38, 'IS-20220227050148128', '2022-02-27', '2022-02-26 23:01:48', '2022-02-26 23:01:48'),
(50, 1, 37, 'IS-20220227050204173', '2022-02-27', '2022-02-26 23:02:04', '2022-02-26 23:02:04'),
(51, 1, 36, 'IS-20220227050226159', '2022-02-27', '2022-02-26 23:02:26', '2022-02-26 23:02:26'),
(52, 1, 35, 'IS-20220227050244152', '2022-02-27', '2022-02-26 23:02:44', '2022-02-26 23:02:44'),
(53, 1, 34, 'IS-20220227050300123', '2022-02-27', '2022-02-26 23:03:00', '2022-02-26 23:03:00'),
(54, 1, 33, 'IS-20220227050315195', '2022-02-27', '2022-02-26 23:03:15', '2022-02-26 23:03:15'),
(55, 1, 41, 'IS-20220227062759146', '2022-02-27', '2022-02-27 00:27:59', '2022-02-27 00:27:59'),
(56, 1, 40, 'IS-20220227062805165', '2022-02-27', '2022-02-27 00:28:05', '2022-02-27 00:28:05'),
(57, 1, 39, 'IS-20220227062825175', '2022-02-27', '2022-02-27 00:28:25', '2022-02-27 00:28:25'),
(58, 1, 42, 'IS-20220227063836132', '2022-02-27', '2022-02-27 00:38:36', '2022-02-27 00:38:36'),
(59, 1, 44, 'IS-20220228053925149', '2022-02-28', '2022-02-27 23:39:25', '2022-02-27 23:39:25'),
(60, 1, 43, 'IS-20220228054007190', '2022-02-28', '2022-02-27 23:40:07', '2022-02-27 23:40:07'),
(61, 1, 45, 'IS-20220228084621116', '2022-02-28', '2022-02-28 02:46:21', '2022-02-28 02:46:21'),
(62, 1, 47, 'IS-20220305034032132', '2022-03-05', '2022-03-04 21:40:32', '2022-03-04 21:40:32'),
(63, 1, 46, 'IS-20220305034113172', '2022-03-05', '2022-03-04 21:41:13', '2022-03-04 21:41:13');

-- --------------------------------------------------------

--
-- Table structure for table `migrations`
--

CREATE TABLE `migrations` (
  `id` int(10) UNSIGNED NOT NULL,
  `migration` varchar(191) COLLATE utf8mb4_unicode_ci NOT NULL,
  `batch` int(11) NOT NULL
) ENGINE=InnoDB DEFAULT CHARSET=utf8mb4 COLLATE=utf8mb4_unicode_ci;

--
-- Dumping data for table `migrations`
--

INSERT INTO `migrations` (`id`, `migration`, `batch`) VALUES
(1, '2014_10_11_000000_create_departments_table', 1),
(2, '2014_10_12_000000_create_users_table', 1),
(3, '2014_10_12_100000_create_password_resets_table', 1),
(4, '2019_08_19_000000_create_failed_jobs_table', 1),
(5, '2019_12_14_000001_create_personal_access_tokens_table', 1),
(6, '2021_12_19_040044_create_permission_tables', 1),
(7, '2021_12_27_044117_create_signitures_table', 1),
(8, '2021_12_27_044118_create_product_categories_table', 1),
(9, '2021_12_28_043431_create_product_types_table', 1),
(10, '2021_12_28_072109_create_product_brands_table', 1),
(11, '2021_12_28_092320_create_suppliers_table', 1),
(12, '2021_12_29_045754_create_product_units_table', 1),
(13, '2021_12_29_095155_create_products_table', 1),
(14, '2021_12_29_095156_create_purchase_orders_table', 1),
(15, '2021_12_30_100025_create_purchases_table', 1),
(16, '2022_01_04_045554_create_warehouses_table', 1),
(17, '2022_01_06_102737_requisition', 1),
(18, '2022_01_10_111400_create_issue_products_table', 1),
(19, '2022_01_18_082536_return_receive', 1),
(20, '2022_01_23_040828_damage_receive', 1);

-- --------------------------------------------------------

--
-- Table structure for table `model_has_permissions`
--

CREATE TABLE `model_has_permissions` (
  `permission_id` bigint(20) UNSIGNED NOT NULL,
  `model_type` varchar(191) COLLATE utf8mb4_unicode_ci NOT NULL,
  `model_id` bigint(20) UNSIGNED NOT NULL
) ENGINE=InnoDB DEFAULT CHARSET=utf8mb4 COLLATE=utf8mb4_unicode_ci;

-- --------------------------------------------------------

--
-- Table structure for table `model_has_roles`
--

CREATE TABLE `model_has_roles` (
  `role_id` bigint(20) UNSIGNED NOT NULL,
  `model_type` varchar(191) COLLATE utf8mb4_unicode_ci NOT NULL,
  `model_id` bigint(20) UNSIGNED NOT NULL
) ENGINE=InnoDB DEFAULT CHARSET=utf8mb4 COLLATE=utf8mb4_unicode_ci;

--
-- Dumping data for table `model_has_roles`
--

INSERT INTO `model_has_roles` (`role_id`, `model_type`, `model_id`) VALUES
(1, 'App\\Models\\User', 1),
(2, 'App\\Models\\User', 2),
(2, 'App\\Models\\User', 4),
(2, 'App\\Models\\User', 5),
(2, 'App\\Models\\User', 6),
(2, 'App\\Models\\User', 7),
(2, 'App\\Models\\User', 8),
(2, 'App\\Models\\User', 9),
(2, 'App\\Models\\User', 10),
(2, 'App\\Models\\User', 11),
(2, 'App\\Models\\User', 13),
(2, 'App\\Models\\User', 14),
(2, 'App\\Models\\User', 15),
(2, 'App\\Models\\User', 16),
(3, 'App\\Models\\User', 3),
(3, 'App\\Models\\User', 12),
(6, 'App\\Models\\User', 4);

-- --------------------------------------------------------

--
-- Table structure for table `password_resets`
--

CREATE TABLE `password_resets` (
  `email` varchar(191) COLLATE utf8mb4_unicode_ci NOT NULL,
  `token` varchar(191) COLLATE utf8mb4_unicode_ci NOT NULL,
  `created_at` timestamp NULL DEFAULT NULL
) ENGINE=InnoDB DEFAULT CHARSET=utf8mb4 COLLATE=utf8mb4_unicode_ci;

-- --------------------------------------------------------

--
-- Table structure for table `permissions`
--

CREATE TABLE `permissions` (
  `id` bigint(20) UNSIGNED NOT NULL,
  `name` varchar(191) COLLATE utf8mb4_unicode_ci NOT NULL,
  `guard_name` varchar(191) COLLATE utf8mb4_unicode_ci NOT NULL,
  `group_name` varchar(191) COLLATE utf8mb4_unicode_ci NOT NULL,
  `created_at` timestamp NULL DEFAULT NULL,
  `updated_at` timestamp NULL DEFAULT NULL
) ENGINE=InnoDB DEFAULT CHARSET=utf8mb4 COLLATE=utf8mb4_unicode_ci;

--
-- Dumping data for table `permissions`
--

INSERT INTO `permissions` (`id`, `name`, `guard_name`, `group_name`, `created_at`, `updated_at`) VALUES
(1, 'dashboard.view', 'web', 'dashboard', '2022-02-22 01:08:47', '2022-02-22 01:08:47'),
(2, 'dashboard.action', 'web', 'dashboard', '2022-02-22 01:08:47', '2022-02-22 01:08:47'),
(3, 'MISReportArea.menuView', 'web', 'MISReportArea', '2022-02-22 01:08:47', '2022-02-22 01:08:47'),
(4, 'CostReport.view', 'web', 'CostReport', '2022-02-22 01:08:48', '2022-02-22 01:08:48'),
(5, 'CostReport.action', 'web', 'CostReport', '2022-02-22 01:08:48', '2022-02-22 01:08:48'),
(6, 'IssuedReport.view', 'web', 'IssuedReport', '2022-02-22 01:08:48', '2022-02-22 01:08:48'),
(7, 'IssuedReport.action', 'web', 'IssuedReport', '2022-02-22 01:08:48', '2022-02-22 01:08:48'),
(8, 'department.view', 'web', 'department', '2022-02-22 01:08:48', '2022-02-22 01:08:48'),
(9, 'department.create', 'web', 'department', '2022-02-22 01:08:48', '2022-02-22 01:08:48'),
(10, 'department.show', 'web', 'department', '2022-02-22 01:08:48', '2022-02-22 01:08:48'),
(11, 'department.edit', 'web', 'department', '2022-02-22 01:08:48', '2022-02-22 01:08:48'),
(12, 'department.delete', 'web', 'department', '2022-02-22 01:08:49', '2022-02-22 01:08:49'),
(13, 'role.view', 'web', 'role', '2022-02-22 01:08:49', '2022-02-22 01:08:49'),
(14, 'role.create', 'web', 'role', '2022-02-22 01:08:49', '2022-02-22 01:08:49'),
(15, 'role.show', 'web', 'role', '2022-02-22 01:08:49', '2022-02-22 01:08:49'),
(16, 'role.edit', 'web', 'role', '2022-02-22 01:08:49', '2022-02-22 01:08:49'),
(17, 'role.delete', 'web', 'role', '2022-02-22 01:08:49', '2022-02-22 01:08:49'),
(18, 'user.view', 'web', 'user', '2022-02-22 01:08:49', '2022-02-22 01:08:49'),
(19, 'user.create', 'web', 'user', '2022-02-22 01:08:49', '2022-02-22 01:08:49'),
(20, 'user.edit', 'web', 'user', '2022-02-22 01:08:49', '2022-02-22 01:08:49'),
(21, 'user.delete', 'web', 'user', '2022-02-22 01:08:50', '2022-02-22 01:08:50'),
(22, 'signature.view', 'web', 'signature', '2022-02-22 01:08:50', '2022-02-22 01:08:50'),
(23, 'signature.create', 'web', 'signature', '2022-02-22 01:08:50', '2022-02-22 01:08:50'),
(24, 'signature.edit', 'web', 'signature', '2022-02-22 01:08:50', '2022-02-22 01:08:50'),
(25, 'signature.delete', 'web', 'signature', '2022-02-22 01:08:50', '2022-02-22 01:08:50'),
(26, 'productSetupArea.menuView', 'web', 'productSetupArea', '2022-02-22 01:08:50', '2022-02-22 01:08:50'),
(27, 'productCategory.view', 'web', 'productCategory', '2022-02-22 01:08:50', '2022-02-22 01:08:50'),
(28, 'productCategory.create', 'web', 'productCategory', '2022-02-22 01:08:50', '2022-02-22 01:08:50'),
(29, 'productCategory.edit', 'web', 'productCategory', '2022-02-22 01:08:50', '2022-02-22 01:08:50'),
(30, 'productCategory.delete', 'web', 'productCategory', '2022-02-22 01:08:50', '2022-02-22 01:08:50'),
(31, 'productType.view', 'web', 'productType', '2022-02-22 01:08:51', '2022-02-22 01:08:51'),
(32, 'productType.create', 'web', 'productType', '2022-02-22 01:08:51', '2022-02-22 01:08:51'),
(33, 'productType.edit', 'web', 'productType', '2022-02-22 01:08:51', '2022-02-22 01:08:51'),
(34, 'productType.delete', 'web', 'productType', '2022-02-22 01:08:51', '2022-02-22 01:08:51'),
(35, 'productBrand.view', 'web', 'productBrand', '2022-02-22 01:08:51', '2022-02-22 01:08:51'),
(36, 'productBrand.create', 'web', 'productBrand', '2022-02-22 01:08:51', '2022-02-22 01:08:51'),
(37, 'productBrand.edit', 'web', 'productBrand', '2022-02-22 01:08:51', '2022-02-22 01:08:51'),
(38, 'productBrand.delete', 'web', 'productBrand', '2022-02-22 01:08:51', '2022-02-22 01:08:51'),
(39, 'productSupplier.view', 'web', 'productSupplier', '2022-02-22 01:08:51', '2022-02-22 01:08:51'),
(40, 'productSupplier.create', 'web', 'productSupplier', '2022-02-22 01:08:51', '2022-02-22 01:08:51'),
(41, 'productSupplier.edit', 'web', 'productSupplier', '2022-02-22 01:08:51', '2022-02-22 01:08:51'),
(42, 'productSupplier.delete', 'web', 'productSupplier', '2022-02-22 01:08:52', '2022-02-22 01:08:52'),
(43, 'productUnit.view', 'web', 'productUnit', '2022-02-22 01:08:52', '2022-02-22 01:08:52'),
(44, 'productUnit.create', 'web', 'productUnit', '2022-02-22 01:08:52', '2022-02-22 01:08:52'),
(45, 'productUnit.edit', 'web', 'productUnit', '2022-02-22 01:08:52', '2022-02-22 01:08:52'),
(46, 'productUnit.delete', 'web', 'productUnit', '2022-02-22 01:08:52', '2022-02-22 01:08:52'),
(47, 'product.view', 'web', 'product', '2022-02-22 01:08:52', '2022-02-22 01:08:52'),
(48, 'product.create', 'web', 'product', '2022-02-22 01:08:52', '2022-02-22 01:08:52'),
(49, 'product.edit', 'web', 'product', '2022-02-22 01:08:52', '2022-02-22 01:08:52'),
(50, 'product.delete', 'web', 'product', '2022-02-22 01:08:52', '2022-02-22 01:08:52'),
(51, 'purchaseOrder.view', 'web', 'purchaseOrder', '2022-02-22 01:08:52', '2022-02-22 01:08:52'),
(52, 'purchaseOrder.create', 'web', 'purchaseOrder', '2022-02-22 01:08:52', '2022-02-22 01:08:52'),
(53, 'purchaseOrder.edit', 'web', 'purchaseOrder', '2022-02-22 01:08:53', '2022-02-22 01:08:53'),
(54, 'purchaseOrder.delete', 'web', 'purchaseOrder', '2022-02-22 01:08:53', '2022-02-22 01:08:53'),
(55, 'purchaseInvoiceEntry.view', 'web', 'purchaseInvoiceEntry', '2022-02-22 01:08:53', '2022-02-22 01:08:53'),
(56, 'purchaseInvoiceEntry.create', 'web', 'purchaseInvoiceEntry', '2022-02-22 01:08:53', '2022-02-22 01:08:53'),
(57, 'purchaseInvoiceEntry.edit', 'web', 'purchaseInvoiceEntry', '2022-02-22 01:08:53', '2022-02-22 01:08:53'),
(58, 'purchaseInvoiceEntry.delete', 'web', 'purchaseInvoiceEntry', '2022-02-22 01:08:53', '2022-02-22 01:08:53'),
(59, 'warehouse.view', 'web', 'warehouse', '2022-02-22 01:08:53', '2022-02-22 01:08:53'),
(60, 'requisition.menuView', 'web', 'requisition', '2022-02-22 01:08:54', '2022-02-22 01:08:54'),
(61, 'makeRequisition.view', 'web', 'makeRequisition', '2022-02-22 01:08:54', '2022-02-22 01:08:54'),
(62, 'makeRequisition.create', 'web', 'makeRequisition', '2022-02-22 01:08:54', '2022-02-22 01:08:54'),
(63, 'makeRequisition.show', 'web', 'makeRequisition', '2022-02-22 01:08:54', '2022-02-22 01:08:54'),
(64, 'makeRequisition.edit', 'web', 'makeRequisition', '2022-02-22 01:08:54', '2022-02-22 01:08:54'),
(65, 'makeRequisition.delete', 'web', 'makeRequisition', '2022-02-22 01:08:54', '2022-02-22 01:08:54'),
(66, 'makeRequisition.return', 'web', 'makeRequisition', '2022-02-22 01:08:54', '2022-02-22 01:08:54'),
(67, 'makeRequisition.damage', 'web', 'makeRequisition', '2022-02-22 01:08:54', '2022-02-22 01:08:54'),
(68, 'departmentalApproval.view', 'web', 'departmentalApproval', '2022-02-22 01:08:54', '2022-02-22 01:08:54'),
(69, 'departmentalApproval.approve', 'web', 'departmentalApproval', '2022-02-22 01:08:55', '2022-02-22 01:08:55'),
(70, 'IssueRequisition.MenuView', 'web', 'IssueRequisition', '2022-02-22 01:08:55', '2022-02-22 01:08:55'),
(71, 'createIssue.view', 'web', 'createIssue', '2022-02-22 01:08:55', '2022-02-22 01:08:55'),
(72, 'createIssue.actionIssue', 'web', 'createIssue', '2022-02-22 01:08:55', '2022-02-22 01:08:55'),
(73, 'issuedList.view', 'web', 'issuedList', '2022-02-22 01:08:55', '2022-02-22 01:08:55'),
(74, 'issuedList.show', 'web', 'issuedList', '2022-02-22 01:08:55', '2022-02-22 01:08:55'),
(75, 'issuedList.edit', 'web', 'issuedList', '2022-02-22 01:08:55', '2022-02-22 01:08:55'),
(76, 'issuedList.delete', 'web', 'issuedList', '2022-02-22 01:08:55', '2022-02-22 01:08:55'),
(77, 'returnRequisition.menuView', 'web', 'returnRequisition', '2022-02-22 01:08:55', '2022-02-22 01:08:55'),
(78, 'issuedReturn.view', 'web', 'issuedReturn', '2022-02-22 01:08:55', '2022-02-22 01:08:55'),
(79, 'issuedReturn.actionReceiveIssuedReturn', 'web', 'issuedReturn', '2022-02-22 01:08:55', '2022-02-22 01:08:55'),
(80, 'issuedReturnedReceivedList.view', 'web', 'issuedReturnedReceivedList', '2022-02-22 01:08:56', '2022-02-22 01:08:56'),
(81, 'issuedReturnedReceivedList.show', 'web', 'issuedReturnedReceivedList', '2022-02-22 01:08:56', '2022-02-22 01:08:56'),
(82, 'issuedReturnedReceivedList.edit', 'web', 'issuedReturnedReceivedList', '2022-02-22 01:08:56', '2022-02-22 01:08:56'),
(83, 'issuedReturnedReceivedList.delete', 'web', 'issuedReturnedReceivedList', '2022-02-22 01:08:56', '2022-02-22 01:08:56'),
(84, 'returnDamage.menuView', 'web', 'returnDamage', '2022-02-22 01:08:56', '2022-02-22 01:08:56'),
(85, 'receiveDamage.view', 'web', 'receiveDamage', '2022-02-22 01:08:56', '2022-02-22 01:08:56'),
(86, 'receiveDamage.actionReceiveDamage', 'web', 'receiveDamage', '2022-02-22 01:08:56', '2022-02-22 01:08:56'),
(87, 'receivedDamageList.view', 'web', 'receivedDamageList', '2022-02-22 01:08:56', '2022-02-22 01:08:56'),
(88, 'receivedDamageList.show', 'web', 'receivedDamageList', '2022-02-22 01:08:56', '2022-02-22 01:08:56'),
(89, 'receivedDamageList.edit', 'web', 'receivedDamageList', '2022-02-22 01:08:57', '2022-02-22 01:08:57'),
(90, 'receivedDamageList.delete', 'web', 'receivedDamageList', '2022-02-22 01:08:57', '2022-02-22 01:08:57'),
(91, 'warehouse.create', 'web', 'warehouse', '2022-03-15 18:00:00', '2022-03-15 18:00:00'),
(92, 'warehouse.edit', 'web', 'warehouse', '2022-03-22 18:00:00', '2022-03-22 18:00:00'),
(93, 'warehouse.delete', 'web', 'warehouse', '2022-02-28 18:00:00', '2022-02-28 18:00:00');

-- --------------------------------------------------------

--
-- Table structure for table `personal_access_tokens`
--

CREATE TABLE `personal_access_tokens` (
  `id` bigint(20) UNSIGNED NOT NULL,
  `tokenable_type` varchar(191) COLLATE utf8mb4_unicode_ci NOT NULL,
  `tokenable_id` bigint(20) UNSIGNED NOT NULL,
  `name` varchar(191) COLLATE utf8mb4_unicode_ci NOT NULL,
  `token` varchar(64) COLLATE utf8mb4_unicode_ci NOT NULL,
  `abilities` text COLLATE utf8mb4_unicode_ci DEFAULT NULL,
  `last_used_at` timestamp NULL DEFAULT NULL,
  `created_at` timestamp NULL DEFAULT NULL,
  `updated_at` timestamp NULL DEFAULT NULL
) ENGINE=InnoDB DEFAULT CHARSET=utf8mb4 COLLATE=utf8mb4_unicode_ci;

-- --------------------------------------------------------

--
-- Table structure for table `products`
--

CREATE TABLE `products` (
  `id` bigint(20) UNSIGNED NOT NULL,
  `product_type_name` bigint(20) UNSIGNED NOT NULL,
  `brand_name` bigint(20) UNSIGNED NOT NULL,
  `created_by` bigint(20) UNSIGNED NOT NULL,
  `sku` decimal(15,0) NOT NULL,
  `name` varchar(191) COLLATE utf8mb4_unicode_ci NOT NULL,
  `unit_id` bigint(20) UNSIGNED NOT NULL,
  `description` text COLLATE utf8mb4_unicode_ci DEFAULT NULL,
  `status` enum('1','0') COLLATE utf8mb4_unicode_ci NOT NULL,
  `created_at` timestamp NULL DEFAULT NULL,
  `updated_at` timestamp NULL DEFAULT NULL
) ENGINE=InnoDB DEFAULT CHARSET=utf8mb4 COLLATE=utf8mb4_unicode_ci;

--
-- Dumping data for table `products`
--

INSERT INTO `products` (`id`, `product_type_name`, `brand_name`, `created_by`, `sku`, `name`, `unit_id`, `description`, `status`, `created_at`, `updated_at`) VALUES
(1, 8, 1, 1, '1001', 'HP Deskjet Ink-2135(Printer)', 1, 'HP Deskjet Ink-2135(Color)', '1', NULL, '2022-02-22 03:39:00'),
(2, 8, 1, 1, '1002', 'HP LaserJet-P1102(Printer)', 1, 'HP LaserJet-P1102(Only Black)', '1', NULL, '2022-02-22 03:38:54'),
(3, 8, 1, 1, '1003', 'HP Laserjet-P2035(Printer)', 1, 'HP Laserjet-P2035 (Only Black)', '1', NULL, '2022-02-22 03:38:49'),
(4, 8, 10, 1, '1004', 'Epson-L805(Printer)', 1, 'Epson-L805 (Color)', '1', NULL, '2022-02-22 03:38:43'),
(5, 26, 14, 1, '1005', 'BRB Ceiling Fan 56 Inch Lovely(Fan)', 1, NULL, '1', '2022-02-22 23:03:44', '2022-02-22 23:03:44'),
(6, 8, 1, 1, '1006', 'HP Laserjet Pro M12a(Printer)', 1, NULL, '1', '2022-02-22 23:04:16', '2022-02-22 23:04:16'),
(7, 27, 16, 1, '1007', 'CoscoRoad(Bulb)', 1, NULL, '1', '2022-02-22 23:07:02', '2022-02-22 23:07:02'),
(8, 27, 15, 1, '1008', 'NimoRoad(Bulb)', 1, NULL, '1', '2022-02-22 23:07:32', '2022-02-22 23:07:32'),
(9, 48, 17, 1, '1009', '3FeetRoundTable', 1, NULL, '1', '2022-02-22 23:09:49', '2022-02-22 23:10:14'),
(10, 49, 17, 1, '1010', 'Hard board Computer Table', 1, NULL, '1', '2022-02-22 23:12:50', '2022-02-22 23:43:41'),
(11, 22, 17, 1, '1011', 'Front Desk Office Table', 1, NULL, '1', '2022-02-22 23:14:33', '2022-02-24 00:57:15'),
(12, 24, 17, 1, '1012', 'Small Box 1Feet Tool (SmallChair)', 1, NULL, '1', '2022-02-22 23:15:38', '2022-02-22 23:43:55'),
(13, 23, 17, 1, '1013', 'Red Chair 2Feet (Chair)', 1, NULL, '1', '2022-02-22 23:17:14', '2022-02-22 23:44:11'),
(14, 50, 17, 1, '1014', 'Red 4Fet Seating Sofa', 1, NULL, '1', '2022-02-22 23:18:45', '2022-02-22 23:43:22'),
(15, 1, 1, 1, '1015', 'HP Intel Core i3 8th Generation (PackagePC)', 1, 'HPIntelCore i3 8th Generation(PackagePC)', '1', '2022-02-22 23:20:27', '2022-02-22 23:20:38'),
(16, 14, 4, 1, '1016', 'Sony Smart TV KDL43W660F(Television)', 1, 'Model:  KDL43W660F', '1', '2022-02-22 23:23:38', '2022-02-22 23:24:47'),
(17, 51, 17, 1, '1017', 'Library Book Shelf', 1, NULL, '1', '2022-02-22 23:30:08', '2022-02-22 23:43:05'),
(18, 52, 17, 1, '1018', 'Library Ladder', 1, NULL, '1', '2022-02-22 23:30:41', '2022-02-22 23:42:54'),
(19, 58, 17, 1, '1019', 'Library Books', 1, NULL, '1', '2022-02-22 23:31:17', '2022-02-22 23:42:40'),
(20, 59, 17, 1, '1020', 'Library Newspaper', 1, NULL, '1', '2022-02-22 23:32:39', '2022-02-22 23:42:33'),
(21, 53, 17, 1, '1021', 'Library Board Locker', 1, NULL, '1', '2022-02-22 23:34:11', '2022-02-22 23:34:11'),
(22, 16, 18, 1, '1022', 'LibarayQuartzWallClock', 1, NULL, '1', '2022-02-22 23:36:13', '2022-02-22 23:36:13'),
(23, 28, 17, 1, '1023', 'Library Carpet', 1, NULL, '1', '2022-02-22 23:36:59', '2022-02-22 23:36:59'),
(24, 29, 17, 1, '1024', 'Library Picture Frame', 1, NULL, '1', '2022-02-22 23:38:02', '2022-02-22 23:38:02'),
(25, 54, 17, 1, '1025', 'Dr. M.M.Amjad Hussain (Information Corner)', 1, NULL, '1', '2022-02-22 23:38:41', '2022-02-22 23:38:41'),
(26, 54, 17, 1, '1026', 'Bangabandhu Corner', 1, NULL, '1', '2022-02-22 23:40:02', '2022-02-22 23:40:02'),
(27, 54, 17, 1, '1027', 'Religion Corner', 1, NULL, '1', '2022-02-22 23:40:38', '2022-02-22 23:40:38'),
(28, 60, 17, 1, '1028', 'Library Sport Shelf', 1, NULL, '1', '2022-02-22 23:41:49', '2022-02-22 23:41:49'),
(29, 55, 17, 1, '1029', 'Library Vase', 1, NULL, '1', '2022-02-22 23:42:19', '2022-02-22 23:42:19'),
(30, 50, 17, 1, '1030', 'Library Orange Sofa', 1, NULL, '1', '2022-02-23 00:11:37', '2022-02-23 00:11:37'),
(31, 9, 3, 1, '1031', 'Bolunshuai 17 inch All in one PC', 1, NULL, '1', '2022-02-23 00:21:03', '2022-02-23 00:21:03'),
(32, 27, 19, 1, '1032', 'SparkEnergyBlub', 1, NULL, '1', '2022-02-23 21:37:41', '2022-02-23 21:37:41'),
(33, 42, 17, 1, '1033', 'Ludu Board Sport', 1, NULL, '1', '2022-02-23 21:39:51', '2022-02-23 21:50:18'),
(34, 43, 17, 1, '1034', 'Chess Table Sport', 1, NULL, '1', '2022-02-23 21:40:20', '2022-02-23 21:41:22'),
(35, 44, 17, 1, '1035', 'Football Sport', 1, NULL, '1', '2022-02-23 21:41:06', '2022-02-23 21:41:11'),
(36, 45, 17, 1, '1036', 'Chess Board Sport', 1, NULL, '1', '2022-02-23 21:41:47', '2022-02-23 21:41:47'),
(37, 42, 17, 1, '1037', 'Ludu Table Sport', 1, NULL, '1', '2022-02-23 21:42:25', '2022-02-23 21:42:25'),
(38, 47, 17, 1, '1038', 'Carrom Board Sport', 1, NULL, '1', '2022-02-23 21:43:04', '2022-02-23 21:43:04'),
(39, 46, 17, 1, '1039', 'Bangladesh  Green 1.5 Feet Flag', 1, NULL, '1', '2022-02-23 21:44:36', '2022-02-23 21:44:36'),
(40, 61, 17, 1, '1040', 'Bed Sport & Home Science', 1, NULL, '1', '2022-02-23 21:47:38', '2022-02-23 21:47:38'),
(41, 62, 17, 1, '1041', 'Dining Table', 1, NULL, '1', '2022-02-23 22:15:57', '2022-02-23 22:15:57'),
(42, 23, 17, 1, '1042', 'Dining Chair', 1, NULL, '1', '2022-02-23 22:16:20', '2022-02-23 22:16:20'),
(43, 39, 17, 1, '1043', 'Wall Hanging Craft', 1, NULL, '1', '2022-02-23 22:17:56', '2022-02-23 22:17:56'),
(44, 63, 17, 1, '1044', 'Wall Covering (Porda)', 1, NULL, '1', '2022-02-23 22:21:37', '2022-02-23 22:21:37'),
(45, 40, 17, 1, '1045', 'Water Filter (Soil Hari)', 1, NULL, '1', '2022-02-23 22:23:21', '2022-02-23 22:23:21'),
(46, 41, 17, 1, '1046', 'Seating Bed Form', 1, NULL, '1', '2022-02-23 22:24:07', '2022-02-23 22:24:07'),
(47, 64, 17, 1, '1047', 'Doer Board', 1, NULL, '1', '2022-02-23 22:24:55', '2022-02-23 22:24:55'),
(48, 26, 17, 1, '1048', 'Vandilator Fan', 1, NULL, '1', '2022-02-23 22:25:40', '2022-02-23 22:25:40'),
(49, 36, 17, 1, '1049', 'Wall Shelf', 1, NULL, '1', '2022-02-23 22:29:33', '2022-02-23 22:29:33'),
(50, 37, 17, 1, '1050', 'Shelf', 1, NULL, '1', '2022-02-23 22:29:58', '2022-02-23 22:29:58'),
(51, 38, 17, 1, '1051', 'Stove', 1, NULL, '1', '2022-02-23 22:30:15', '2022-02-23 22:30:15'),
(52, 65, 17, 1, '1052', 'Seating Foam', 1, NULL, '1', '2022-02-23 22:35:24', '2022-02-23 22:35:24'),
(53, 1, 1, 1, '1053', 'HP Vostro Package PC', 1, NULL, '1', '2022-02-23 23:49:58', '2022-02-23 23:49:58'),
(54, 4, 21, 1, '1054', 'Appllo 12V UPS', 1, NULL, '1', '2022-02-23 23:57:53', '2022-02-23 23:57:53'),
(55, 68, 17, 1, '1055', 'Almirah', 1, NULL, '1', '2022-02-23 23:58:25', '2022-02-23 23:58:34'),
(56, 16, 23, 1, '1056', 'Citizen Quartz Wall Clock', 1, NULL, '1', '2022-02-23 23:59:28', '2022-02-23 23:59:28'),
(57, 66, 23, 1, '1057', 'Citizen Calculator', 1, NULL, '1', '2022-02-23 23:59:59', '2022-02-23 23:59:59'),
(58, 69, 17, 1, '1058', 'Hutch (Chest) -', 1, NULL, '1', '2022-02-24 00:00:47', '2022-02-24 00:00:47'),
(59, 11, 22, 1, '1059', 'Toshiba Photocopier eStudio 2518A', 1, NULL, '1', '2022-02-24 00:01:51', '2022-02-24 00:01:51'),
(60, 70, 26, 1, '1060', 'Mirage KYAH117 Refrigerator', 1, NULL, '1', '2022-02-24 00:03:32', '2022-02-24 00:03:32'),
(61, 67, 24, 1, '1061', 'Redmi Mobile', 1, NULL, '1', '2022-02-24 00:04:07', '2022-02-24 00:04:07'),
(62, 67, 25, 1, '1062', 'Vivo Mobile', 1, NULL, '1', '2022-02-24 00:04:29', '2022-02-24 00:04:29'),
(63, 23, 17, 1, '1063', 'Office seating Chair', 1, NULL, '1', '2022-02-24 00:10:36', '2022-02-24 00:10:36'),
(64, 67, 17, 1, '1064', 'Feature Mobile', 1, NULL, '1', '2022-02-24 00:11:07', '2022-02-24 00:11:07'),
(65, 21, 7, 1, '1065', 'Panasonic TNT', 1, NULL, '1', '2022-02-24 00:11:44', '2022-02-24 00:11:44'),
(66, 27, 17, 1, '1066', 'LED Energy Bulb', 1, NULL, '1', '2022-02-24 00:32:37', '2022-02-24 00:32:37'),
(67, 68, 17, 1, '1067', 'Academic Almirah', 1, NULL, '1', '2022-02-24 00:55:10', '2022-02-24 00:55:10'),
(68, 54, 17, 1, '1068', 'Information Corner', 1, NULL, '1', '2022-02-24 00:55:45', '2022-02-24 00:55:45'),
(69, 68, 17, 1, '1069', 'Educative Inventory Almirah', 1, NULL, '1', '2022-02-24 00:58:40', '2022-02-24 00:58:40'),
(70, 54, 17, 1, '1070', 'Information Corner with Book Shelf', 1, NULL, '1', '2022-02-24 01:03:37', '2022-02-24 01:03:37'),
(71, 71, 17, 1, '1071', 'First Aid Kit Box Air Doctor', 1, NULL, '1', '2022-02-24 01:05:08', '2022-02-24 01:19:53'),
(72, 22, 17, 1, '1072', 'Student Table', 1, NULL, '1', '2022-02-25 23:11:14', '2022-02-25 23:11:14'),
(73, 25, 17, 1, '1073', 'Showcase (Art and Craft)', 1, NULL, '1', '2022-02-25 23:12:18', '2022-02-25 23:12:18'),
(74, 53, 17, 1, '1074', 'Locker (Art and Craft)', 1, NULL, '1', '2022-02-25 23:13:21', '2022-02-25 23:13:21'),
(75, 28, 17, 1, '1075', 'Red Carpet', 1, NULL, '1', '2022-02-25 23:13:58', '2022-02-25 23:13:58'),
(76, 29, 17, 1, '1076', 'Picture Frame (Art and Craft)', 1, NULL, '1', '2022-02-25 23:14:29', '2022-02-25 23:14:29'),
(77, 39, 17, 1, '1077', 'Drawing Craft Work', 1, NULL, '1', '2022-02-25 23:15:30', '2022-02-25 23:15:30'),
(78, 30, 17, 1, '1078', 'Sharee', 1, NULL, '1', '2022-02-25 23:16:17', '2022-02-25 23:16:17'),
(79, 31, 17, 1, '1079', 'Scarf', 1, NULL, '1', '2022-02-25 23:16:42', '2022-02-25 23:16:42'),
(80, 72, 17, 1, '1080', 'Window Curtain (Porda)', 1, NULL, '1', '2022-02-25 23:17:48', '2022-02-25 23:17:48'),
(81, 32, 17, 1, '1081', 'Table Cloth', 1, NULL, '1', '2022-02-25 23:18:14', '2022-02-25 23:18:14'),
(82, 73, 17, 1, '1082', 'Net cloth', 1, NULL, '1', '2022-02-25 23:19:01', '2022-02-25 23:19:01'),
(83, 74, 17, 1, '1083', 'Bed Sheet', 1, NULL, '1', '2022-02-25 23:19:40', '2022-02-25 23:19:40'),
(84, 34, 17, 1, '1084', 'Mat', 1, NULL, '1', '2022-02-25 23:22:03', '2022-02-25 23:22:03'),
(85, 35, 27, 1, '1085', 'Butterfly Sewing Machine', 1, NULL, '1', '2022-02-25 23:24:39', '2022-02-25 23:24:39'),
(86, 22, 17, 1, '1086', 'Small Table', 1, NULL, '1', '2022-02-25 23:45:00', '2022-02-25 23:45:00'),
(87, 22, 17, 1, '1087', 'Teacher Table', 1, NULL, '1', '2022-02-26 00:31:07', '2022-02-26 00:31:07'),
(88, 23, 17, 1, '1088', 'Student Chair', 1, NULL, '1', '2022-02-26 00:35:53', '2022-02-26 00:35:53'),
(89, 23, 17, 1, '1089', 'Teacher Chair', 1, NULL, '1', '2022-02-26 00:36:38', '2022-02-26 00:36:38'),
(90, 53, 17, 1, '1090', 'Locker', 1, NULL, '1', '2022-02-26 00:41:19', '2022-02-26 00:41:19'),
(91, 75, 17, 1, '1091', 'Black Board', 1, NULL, '1', '2022-02-26 00:43:18', '2022-02-26 00:43:18'),
(92, 77, 17, 1, '1092', 'Daster', 1, NULL, '1', '2022-02-26 00:44:31', '2022-02-26 00:44:31'),
(93, 78, 17, 1, '1093', 'Trash Basket', 1, NULL, '1', '2022-02-26 00:45:08', '2022-02-26 00:45:08'),
(94, 79, 17, 1, '1094', 'Handwash', 1, NULL, '1', '2022-02-26 00:52:47', '2022-02-26 00:52:47'),
(95, 80, 17, 1, '1095', 'Chalk Box', 2, NULL, '1', '2022-02-26 00:53:14', '2022-02-26 03:24:20'),
(96, 81, 17, 1, '1096', 'Podium (Dayas)', 1, NULL, '1', '2022-02-26 21:26:01', '2022-02-26 21:26:01'),
(97, 7, 8, 1, '1097', 'Benq Integrative Flat Panel 76 inch', 1, NULL, '1', '2022-02-27 00:09:48', '2022-02-27 00:09:48'),
(98, 15, 8, 1, '1098', 'Benq Full Sound System', 2, NULL, '1', '2022-02-27 00:10:43', '2022-02-27 00:10:43'),
(99, 14, 4, 1, '1099', 'Sony Led Smart TV 56 inch', 1, NULL, '1', '2022-02-27 00:11:53', '2022-02-27 00:11:53'),
(100, 17, 28, 1, '1100', 'Philips NVR', 1, NULL, '1', '2022-02-27 00:13:52', '2022-02-27 00:13:52'),
(101, 50, 17, 1, '1101', 'Seating Sofa', 1, NULL, '1', '2022-02-27 00:35:30', '2022-02-27 00:35:30'),
(102, 82, 17, 1, '1102', 'Safranine soln. - Biology Chemicals', 16, NULL, '1', '2022-02-27 21:04:39', '2022-02-27 21:04:39'),
(103, 82, 17, 1, '1103', 'Aniline blue (aquas) - Biology Chemicals', 16, NULL, '1', '2022-02-27 21:06:00', '2022-02-27 21:06:00'),
(104, 82, 17, 1, '1104', 'Fast green - Biology Chemicals', 16, NULL, '1', '2022-02-27 21:06:28', '2022-02-27 21:06:28'),
(105, 82, 17, 1, '1105', 'Aceto carmine - Biology Chemicals', 16, NULL, '1', '2022-02-27 21:06:57', '2022-02-27 21:06:57'),
(106, 82, 17, 1, '1106', 'Eosin yellow (aquas) - Biology Chemicals', 16, NULL, '1', '2022-02-27 21:07:30', '2022-02-27 21:07:30'),
(107, 82, 17, 1, '1107', 'Crystal violet soln. - Biology Chemicals', 16, NULL, '1', '2022-02-27 21:08:22', '2022-02-27 21:08:29'),
(108, 82, 17, 1, '1108', 'Iodine solution 2% - Biology Chemicals', 16, NULL, '1', '2022-02-27 21:09:06', '2022-02-27 21:09:30'),
(109, 82, 17, 1, '1109', 'Potassium hydroxide soln. - Biology Chemicals', 16, NULL, '1', '2022-02-27 21:10:13', '2022-02-27 21:10:13'),
(110, 82, 17, 1, '1110', 'Glycerol - Biology Chemicals', 17, NULL, '1', '2022-02-27 21:11:29', '2022-02-27 21:11:29'),
(111, 82, 17, 1, '1111', 'T.S.P - Biology Chemicals', 18, NULL, '1', '2022-02-27 21:13:12', '2022-02-27 21:13:12'),
(112, 82, 17, 1, '1112', 'M.O.P - Biology Chemicals', 18, NULL, '1', '2022-02-27 21:13:49', '2022-02-27 21:13:49'),
(113, 82, 17, 1, '1113', 'Urea - Biology Chemicals', 18, NULL, '1', '2022-02-27 21:15:06', '2022-02-27 21:15:20'),
(114, 82, 17, 1, '1114', 'Mercuric chloride 10 %  - Biology Chemicals', 18, NULL, '1', '2022-02-27 21:15:58', '2022-02-27 21:15:58'),
(115, 82, 17, 1, '1115', 'Alchohol - Biology Chemicals', 17, NULL, '1', '2022-02-27 21:16:32', '2022-02-27 21:16:32'),
(116, 82, 17, 1, '1116', 'Formaldehyde - Biology Chemicals', 17, NULL, '1', '2022-02-27 21:22:39', '2022-02-27 21:22:59'),
(117, 83, 17, 1, '1117', 'Simple Microscope - Biology Lab Equipment', 1, NULL, '1', '2022-02-27 22:17:48', '2022-02-27 22:17:59'),
(118, 83, 17, 1, '1118', 'Compound microscope-Biology Lab Equipment', 1, NULL, '1', '2022-02-27 22:18:31', '2022-02-27 22:18:31'),
(119, 83, 17, 1, '1119', 'Electronic Microscope -Biology Lab Equipment', 1, NULL, '1', '2022-02-27 22:19:04', '2022-02-27 22:19:04'),
(120, 83, 17, 1, '1120', 'Dissenting box - Biology Lab Equipment', 1, NULL, '1', '2022-02-27 22:20:13', '2022-02-27 22:20:13'),
(121, 83, 17, 1, '1121', 'Disscenting tray- Biology Lab Equipment', 1, NULL, '1', '2022-02-27 22:20:56', '2022-02-27 22:22:22'),
(122, 83, 17, 1, '1122', 'Permanent Slide-Biology Lab Equipment', 1, NULL, '1', '2022-02-27 22:21:21', '2022-02-27 22:22:09'),
(123, 83, 17, 1, '1123', 'Glass specimen jar -Biology Lab Equipment', 1, NULL, '1', '2022-02-27 22:21:56', '2022-02-27 22:21:56'),
(124, 83, 17, 1, '1124', 'Glass Petridish - Biology Lab Equipment', 1, NULL, '1', '2022-02-27 22:23:41', '2022-02-27 22:23:41'),
(125, 83, 17, 1, '1125', 'Stethoscope - Biology Lab Equipment', 1, NULL, '1', '2022-02-27 22:24:09', '2022-02-27 22:24:09'),
(126, 83, 17, 1, '1126', 'Sphygmomano meter - Biology Lab Equipment', 1, NULL, '1', '2022-02-27 22:24:54', '2022-02-27 22:24:54'),
(127, 83, 17, 1, '1127', 'Thermometer - Biology Lab Equipment', 1, NULL, '1', '2022-02-27 22:25:30', '2022-02-27 22:25:30'),
(128, 83, 17, 1, '1128', 'Thermo flax - Biology Lab Equipment', 1, NULL, '1', '2022-02-27 22:26:36', '2022-02-27 22:26:36'),
(129, 83, 17, 1, '1129', 'Electronic Scale - Biology Lab Equipment', 1, NULL, '1', '2022-02-27 22:27:02', '2022-02-27 22:27:02'),
(130, 83, 17, 1, '1130', 'PH Meter - Biology Lab Equipment', 1, NULL, '1', '2022-02-27 22:27:43', '2022-02-27 22:28:16'),
(131, 83, 17, 1, '1131', 'Test Tube - Biology Lab Equipment', 1, NULL, '1', '2022-02-27 22:28:03', '2022-02-27 22:28:10'),
(132, 83, 17, 1, '1132', 'Test tube holder - Biology Lab Equipment', 1, NULL, '1', '2022-02-27 22:29:03', '2022-02-27 22:29:03'),
(133, 83, 17, 1, '1133', 'Test tube stand - Biology Lab Equipment', 1, NULL, '1', '2022-02-27 22:29:23', '2022-02-27 22:29:23'),
(134, 83, 17, 1, '1134', 'Test tube brush - Biology Lab Equipment', 1, NULL, '1', '2022-02-27 22:29:49', '2022-02-27 22:29:49'),
(135, 83, 17, 1, '1135', 'Slide - Biology Lab Equipment', 2, NULL, '1', '2022-02-27 22:30:21', '2022-02-27 22:30:21'),
(136, 83, 17, 1, '1136', 'Cover slip - Biology Lab Equipment', 2, NULL, '1', '2022-02-27 22:31:22', '2022-02-27 22:31:22'),
(137, 83, 17, 1, '1137', 'Stop Watch - Biology Lab Equipment', 1, NULL, '1', '2022-02-27 22:32:17', '2022-02-27 22:32:17'),
(138, 83, 17, 1, '1138', 'Dropper - Biology Lab Equipment', 1, NULL, '1', '2022-02-27 22:32:39', '2022-02-27 22:32:39'),
(139, 83, 17, 1, '1139', 'Tripod stand-Biology Lab Equipment', 1, NULL, '1', '2022-02-27 22:33:12', '2022-02-27 22:33:12'),
(140, 83, 17, 1, '1140', 'Wire gauge - Biology Lab Equipment', 1, NULL, '1', '2022-02-27 22:33:46', '2022-02-27 22:33:46'),
(141, 83, 17, 1, '1141', 'Wash glass - Biology Lab Equipment', 1, NULL, '1', '2022-02-27 22:34:17', '2022-02-27 22:34:17'),
(142, 83, 17, 1, '1142', 'Wash bottle - Biology Lab Equipment', 1, NULL, '1', '2022-02-27 22:34:45', '2022-02-27 22:34:45'),
(143, 83, 17, 1, '1143', 'Glass rod - Biology Lab Equipment', 1, NULL, '1', '2022-02-27 22:35:07', '2022-02-27 22:35:07'),
(144, 83, 17, 1, '1144', 'Filter papers - Biology Lab Equipment', 1, NULL, '1', '2022-02-27 22:35:28', '2022-02-27 22:35:28'),
(145, 83, 17, 1, '1145', 'Beaker (100 ml) - Biology Lab Equipment', 1, NULL, '1', '2022-02-27 22:36:11', '2022-02-27 22:36:11'),
(146, 83, 17, 1, '1146', 'Beaker (250 ml) - Biology Lab Equipment', 1, NULL, '1', '2022-02-27 22:36:34', '2022-02-27 22:36:34'),
(147, 83, 17, 1, '1147', 'Beaker (500 ml) - Biology Lab Equipment', 1, NULL, '1', '2022-02-27 22:37:38', '2022-02-27 22:37:38'),
(148, 83, 17, 1, '1148', 'Conical flask (250 ml) - Biology Lab Equipment', 1, NULL, '1', '2022-02-27 22:38:43', '2022-02-27 22:38:43'),
(149, 83, 17, 1, '1149', 'Measuring cylinder (100 ml) - Biology Lab Equipment', 1, NULL, '1', '2022-02-27 22:39:36', '2022-02-27 22:41:47'),
(150, 83, 17, 1, '1150', 'Conical flash (100 ml) - Biology Lab Equipment', 1, NULL, '1', '2022-02-27 22:42:21', '2022-02-27 22:42:21'),
(151, 83, 17, 1, '1151', 'Funnel - Biology Lab Equipment', 1, NULL, '1', '2022-02-27 22:42:42', '2022-02-27 22:42:42'),
(152, 83, 17, 1, '1152', 'Sptula - Biology Lab Equipment', 1, NULL, '1', '2022-02-27 22:43:13', '2022-02-27 22:43:13'),
(153, 83, 17, 1, '1153', 'Forceps (Different size) - Biology Lab Equipment', 1, NULL, '1', '2022-02-27 22:58:31', '2022-02-27 22:58:46'),
(154, 83, 17, 1, '1154', 'Pipette (10 ml) - Biology Lab Equipment', 1, NULL, '1', '2022-02-27 23:00:09', '2022-02-27 23:00:16'),
(155, 83, 17, 1, '1155', 'Pipette (5 ml) - Biology Lab Equipment', 1, NULL, '1', '2022-02-27 23:00:42', '2022-02-27 23:00:50'),
(156, 83, 17, 1, '1156', 'Mortar and Pestle - Biology Lab Equipment', 1, NULL, '1', '2022-02-27 23:01:41', '2022-02-27 23:01:41'),
(157, 83, 17, 1, '1157', 'Pin - Biology Lab Equipment', 1, NULL, '1', '2022-02-27 23:02:05', '2022-02-27 23:02:05'),
(158, 83, 17, 1, '1158', 'Needle - Biology Lab Equipment', 1, NULL, '1', '2022-02-27 23:02:25', '2022-02-27 23:02:25'),
(159, 83, 17, 1, '1159', 'Chemical (colors) - Biology Lab Equipment', 1, NULL, '1', '2022-02-27 23:02:53', '2022-02-27 23:02:53'),
(160, 83, 17, 1, '1160', 'Heart Model - Biology Lab Equipment', 1, NULL, '1', '2022-02-27 23:03:54', '2022-02-27 23:03:54'),
(161, 83, 17, 1, '1161', 'Human skeleton - Biology Lab Equipment', 1, NULL, '1', '2022-02-27 23:04:19', '2022-02-27 23:04:26'),
(162, 83, 17, 1, '1162', 'Human kidney - Biology Lab Equipment', 1, NULL, '1', '2022-02-27 23:04:46', '2022-02-27 23:04:46'),
(163, 83, 17, 1, '1163', 'Other glass specimen jar - Biology Lab Equipment', 1, NULL, '1', '2022-02-27 23:05:09', '2022-02-27 23:05:09'),
(164, 83, 17, 1, '1164', 'Spirit Lamp - Biology Lab Equipment', 1, NULL, '1', '2022-02-27 23:05:33', '2022-02-27 23:05:33'),
(165, 83, 17, 1, '1165', 'Skeleton frog - Biology Lab Equipment', 1, NULL, '1', '2022-02-27 23:05:57', '2022-02-27 23:05:57'),
(166, 84, 17, 1, '1166', 'Slide Calipers - Physics Lab Equipment', 1, NULL, '1', '2022-02-28 00:10:24', '2022-02-28 00:10:24'),
(167, 84, 17, 1, '1167', 'Screw gauge - Physics Lab Equipment', 1, NULL, '1', '2022-02-28 00:10:58', '2022-02-28 00:11:05'),
(168, 84, 17, 1, '1168', 'Balance - Physics Lab Equipment', 1, NULL, '1', '2022-02-28 00:11:38', '2022-02-28 00:11:38'),
(169, 84, 17, 1, '1169', 'Spherometer - Physics Lab Equipment', 1, NULL, '1', '2022-02-28 00:12:07', '2022-02-28 00:12:07'),
(170, 84, 17, 1, '1170', 'Fly Wheel - Physics Lab Equipment', 1, NULL, '1', '2022-02-28 00:15:42', '2022-02-28 00:15:42'),
(171, 84, 17, 1, '1171', 'Spring set - Physics Lab Equipment', 1, NULL, '1', '2022-02-28 00:19:54', '2022-02-28 00:20:03'),
(172, 84, 17, 1, '1172', 'Meter scale - Physics Lab Equipment', 1, NULL, '1', '2022-02-28 00:22:57', '2022-02-28 00:23:03'),
(173, 84, 17, 1, '1173', 'Meter bridge - Physics Lab Equipment', 1, NULL, '1', '2022-02-28 00:23:21', '2022-02-28 00:23:27'),
(174, 84, 17, 1, '1174', 'Post office box - Physics Lab Equipment', 1, NULL, '1', '2022-02-28 00:24:17', '2022-02-28 00:25:32'),
(175, 84, 17, 1, '1175', 'Key (1 way & 2 way) - Physics Lab Equipment', 1, NULL, '1', '2022-02-28 00:25:02', '2022-02-28 00:25:02'),
(176, 84, 17, 1, '1176', 'Potentiometer - Physics Lab Equipment', 1, NULL, '1', '2022-02-28 00:26:29', '2022-02-28 00:26:29'),
(177, 84, 17, 1, '1177', 'Stop Watch - Physics Lab Equipment', 1, NULL, '1', '2022-02-28 00:27:00', '2022-02-28 00:27:00'),
(178, 84, 17, 1, '1178', 'Digital  multimeter - Physics Lab Equipment', 1, NULL, '1', '2022-02-28 00:27:36', '2022-02-28 00:27:36'),
(179, 84, 17, 1, '1179', 'Digital Instrument - Physics Lab Equipment', 1, NULL, '1', '2022-02-28 00:28:48', '2022-02-28 00:28:48'),
(180, 84, 17, 1, '1180', 'Table balance - Physics Lab Equipment', 1, NULL, '1', '2022-02-28 00:29:18', '2022-02-28 00:29:18'),
(181, 84, 17, 1, '1181', 'Optical bench - Physics Lab Equipment', 1, NULL, '1', '2022-02-28 00:29:45', '2022-02-28 00:29:45'),
(182, 84, 17, 1, '1182', 'Convex Lens - Physics Lab Equipment', 1, NULL, '1', '2022-02-28 00:30:19', '2022-02-28 00:30:19'),
(183, 84, 17, 1, '1183', 'Concave Lens - Physics Lab Equipment', 1, NULL, '1', '2022-02-28 00:30:58', '2022-02-28 00:30:58'),
(184, 84, 17, 1, '1184', 'Concave mirror - Physics Lab Equipment', 1, NULL, '1', '2022-02-28 00:31:30', '2022-02-28 00:31:30'),
(185, 84, 17, 1, '1185', 'Convex mirror - Physics Lab Equipment', 1, NULL, '1', '2022-02-28 00:32:26', '2022-02-28 00:32:26'),
(186, 84, 17, 1, '1186', 'Thermometer - Physics Lab Equipment', 1, NULL, '1', '2022-02-28 00:33:10', '2022-02-28 00:33:10'),
(187, 84, 17, 1, '1187', 'Amiter - Physics Lab Equipment', 1, NULL, '1', '2022-02-28 00:34:07', '2022-02-28 00:34:07'),
(188, 84, 17, 1, '1188', 'Voltmeter - Physics Lab Equipment', 1, NULL, '1', '2022-02-28 00:34:33', '2022-02-28 00:34:33'),
(189, 84, 17, 1, '1189', 'Galvanometer - Physics Lab Equipment', 1, NULL, '1', '2022-02-28 00:35:00', '2022-02-28 00:35:00'),
(190, 84, 17, 1, '1190', 'Resistance box - Physics Lab Equipment', 1, NULL, '1', '2022-02-28 00:35:22', '2022-02-28 00:35:22'),
(191, 84, 17, 1, '1191', 'Rheostats - Physics Lab Equipment', 1, NULL, '1', '2022-02-28 00:36:11', '2022-02-28 00:36:11'),
(192, 84, 17, 1, '1192', 'Stand - Physics Lab Equipment', 1, NULL, '1', '2022-02-28 00:36:31', '2022-02-28 00:36:31'),
(193, 84, 17, 1, '1193', 'Seris paper - Physics Lab Equipment', 1, NULL, '1', '2022-02-28 00:36:54', '2022-02-28 00:36:54'),
(194, 84, 17, 1, '1194', 'Electronic scale - Physics Lab Equipment', 1, NULL, '1', '2022-02-28 00:37:14', '2022-02-28 00:37:14'),
(195, 84, 17, 1, '1195', 'Battery box - Physics Lab Equipment', 1, NULL, '1', '2022-02-28 00:37:57', '2022-02-28 00:37:57'),
(196, 84, 17, 1, '1196', 'Spring balance - Physics Lab Equipment', 1, NULL, '1', '2022-02-28 00:38:20', '2022-02-28 00:38:20'),
(197, 84, 17, 1, '1197', 'Wash glass - Physics Lab Equipment', 1, NULL, '1', '2022-02-28 00:38:45', '2022-02-28 00:38:45'),
(198, 84, 17, 1, '1198', 'Sunlight battery - Physics Lab Equipment', 1, NULL, '1', '2022-02-28 00:39:22', '2022-02-28 00:41:52'),
(199, 84, 17, 1, '1199', 'Drawing board - Physics Lab Equipment', 1, NULL, '1', '2022-02-28 00:41:04', '2022-02-28 00:41:04'),
(200, 85, 17, 1, '1200', 'Electronic balance', 1, NULL, '1', '2022-03-02 03:31:44', '2022-03-02 03:31:44'),
(201, 85, 17, 1, '1201', 'PH Meter', 1, NULL, '1', '2022-03-02 03:32:04', '2022-03-02 03:32:04'),
(202, 85, 17, 1, '1202', 'Galvanometer', 1, NULL, '1', '2022-03-02 03:32:22', '2022-03-02 03:32:22'),
(203, 85, 17, 1, '1203', 'Voltmeter', 1, NULL, '1', '2022-03-02 03:32:45', '2022-03-02 03:32:45'),
(204, 85, 17, 1, '1204', 'Beaker (500 ml)', 1, NULL, '1', '2022-03-02 03:33:16', '2022-03-02 03:33:16'),
(205, 85, 17, 1, '1205', 'Beaker (250 ml)', 1, NULL, '1', '2022-03-02 03:33:38', '2022-03-02 03:33:38'),
(206, 85, 17, 1, '1206', 'Beaker (100 ml)', 1, NULL, '1', '2022-03-02 03:34:00', '2022-03-02 03:34:00'),
(207, 85, 17, 1, '1207', 'Measuring Cylinder (1000 ml)', 1, NULL, '1', '2022-03-02 03:34:32', '2022-03-02 03:34:32'),
(208, 85, 17, 1, '1208', 'Measuring Cylinder (500 ml)', 1, NULL, '1', '2022-03-02 03:34:58', '2022-03-02 03:34:58'),
(209, 85, 17, 1, '1209', 'Measuring Cylinder (250 ml)', 1, NULL, '1', '2022-03-02 03:35:38', '2022-03-02 03:35:38'),
(210, 85, 17, 1, '1210', 'Measuring Cylinder (100 ml)', 1, NULL, '1', '2022-03-02 03:36:07', '2022-03-02 03:36:07'),
(211, 85, 17, 1, '1211', 'Measuring Cylinder (50 ml)', 1, NULL, '1', '2022-03-02 03:36:39', '2022-03-02 03:36:39'),
(212, 85, 17, 1, '1212', 'Measuring Cylinder (25 ml)', 1, NULL, '1', '2022-03-02 03:37:05', '2022-03-02 03:37:05'),
(213, 85, 17, 1, '1213', 'Volumetric Cylinder (500 ml)', 1, NULL, '1', '2022-03-02 03:40:36', '2022-03-02 03:40:36'),
(214, 85, 17, 1, '1214', 'Volumetric cylinder (250 ml)', 1, NULL, '1', '2022-03-02 03:41:14', '2022-03-02 03:41:14'),
(215, 85, 17, 1, '1215', 'Conical flask (1000 ml)', 1, NULL, '1', '2022-03-02 03:42:06', '2022-03-02 03:42:06'),
(216, 85, 17, 1, '1216', 'Conical flask (250 ml)', 1, NULL, '1', '2022-03-02 03:42:31', '2022-03-02 03:42:31'),
(217, 85, 17, 1, '1217', 'Round bottomed flask (500 ml)', 1, NULL, '1', '2022-03-02 03:43:00', '2022-03-02 03:43:00'),
(218, 85, 17, 1, '1218', 'Round bottomed flask (250 ml)', 1, NULL, '1', '2022-03-02 03:43:26', '2022-03-02 03:43:26'),
(219, 85, 17, 1, '1219', 'Pipette(50 ml)', 1, NULL, '1', '2022-03-02 03:43:48', '2022-03-02 03:43:48'),
(220, 85, 17, 1, '1220', 'Pipette (20 ml)', 1, NULL, '1', '2022-03-02 03:44:12', '2022-03-02 03:44:12'),
(221, 85, 17, 1, '1221', 'Pipette (10 ml)', 1, NULL, '1', '2022-03-02 03:44:52', '2022-03-02 03:44:52'),
(222, 85, 17, 1, '1222', 'Pipette (5 ml)', 1, NULL, '1', '2022-03-02 03:45:14', '2022-03-02 03:45:14'),
(223, 85, 17, 1, '1223', 'Burette (50 ml)', 1, NULL, '1', '2022-03-02 03:45:42', '2022-03-02 03:45:42'),
(224, 85, 17, 1, '1224', 'Test Tube', 1, NULL, '1', '2022-03-02 03:45:59', '2022-03-02 03:45:59'),
(225, 85, 17, 1, '1225', 'Test tube stand', 1, NULL, '1', '2022-03-02 03:46:21', '2022-03-02 03:46:21'),
(226, 85, 17, 1, '1226', 'Test tube holder', 1, NULL, '1', '2022-03-02 03:46:39', '2022-03-02 03:46:39'),
(227, 85, 17, 1, '1227', 'Test tube brush', 1, NULL, '1', '2022-03-02 03:47:03', '2022-03-02 03:47:03'),
(228, 85, 17, 1, '1228', 'Glass rod', 1, NULL, '1', '2022-03-02 03:47:23', '2022-03-02 03:47:23'),
(229, 85, 17, 1, '1229', 'Wash glass', 1, NULL, '1', '2022-03-02 03:47:50', '2022-03-02 03:47:50'),
(230, 85, 17, 1, '1230', 'Wash bottle', 1, NULL, '1', '2022-03-02 03:48:17', '2022-03-02 03:48:17'),
(231, 85, 17, 1, '1231', 'Tripod stand', 1, NULL, '1', '2022-03-02 03:48:37', '2022-03-02 03:48:37'),
(232, 85, 17, 1, '1232', 'Wire gauge', 1, NULL, '1', '2022-03-02 03:48:56', '2022-03-02 03:48:56'),
(233, 85, 17, 1, '1233', 'Thermometer', 1, NULL, '1', '2022-03-02 03:49:15', '2022-03-02 03:49:15'),
(234, 85, 17, 1, '1234', 'Stop Watch', 1, NULL, '1', '2022-03-02 03:49:32', '2022-03-02 03:49:32'),
(235, 85, 17, 1, '1235', 'Retort', 1, NULL, '1', '2022-03-02 03:49:53', '2022-03-02 03:49:53'),
(236, 85, 17, 1, '1236', 'Gas jar', 1, NULL, '1', '2022-03-02 03:50:10', '2022-03-02 03:50:10'),
(237, 85, 17, 1, '1237', 'Woulf\'s Bottole', 1, NULL, '1', '2022-03-02 03:50:48', '2022-03-02 03:50:48'),
(238, 85, 17, 1, '1238', 'Mortar & pastle', 1, NULL, '1', '2022-03-02 03:52:04', '2022-03-02 03:52:04'),
(239, 85, 17, 1, '1239', 'Porcelain basin', 1, NULL, '1', '2022-03-02 03:52:29', '2022-03-02 03:52:29'),
(240, 85, 17, 1, '1240', 'Crucible & Cover', 1, NULL, '1', '2022-03-02 03:52:51', '2022-03-02 03:52:51'),
(241, 85, 17, 1, '1241', 'Condenser', 1, NULL, '1', '2022-03-02 03:53:09', '2022-03-02 03:53:09'),
(242, 85, 17, 1, '1242', 'Spatula', 1, NULL, '1', '2022-03-02 03:53:40', '2022-03-02 03:53:40'),
(243, 85, 17, 1, '1243', 'Funnel', 1, NULL, '1', '2022-03-02 03:54:04', '2022-03-02 03:54:04'),
(244, 85, 17, 1, '1244', 'Suchner funnel', 1, NULL, '1', '2022-03-02 03:54:35', '2022-03-02 03:54:35'),
(245, 85, 17, 1, '1245', 'Stand', 1, NULL, '1', '2022-03-02 03:54:50', '2022-03-02 03:54:50'),
(246, 85, 17, 1, '1246', 'Dropper', 1, NULL, '1', '2022-03-02 03:55:10', '2022-03-02 03:55:10'),
(247, 85, 17, 1, '1247', 'Zn plate', 1, NULL, '1', '2022-03-02 03:55:30', '2022-03-02 03:55:30'),
(248, 85, 17, 1, '1248', 'Bunsen burner', 1, NULL, '1', '2022-03-02 03:55:53', '2022-03-02 03:55:53'),
(249, 85, 17, 1, '1249', 'Spirit lamp', 1, NULL, '1', '2022-03-02 03:56:15', '2022-03-02 03:56:15'),
(250, 85, 17, 1, '1250', 'Cu Plate', 1, NULL, '1', '2022-03-02 03:57:52', '2022-03-02 03:57:52'),
(251, 85, 17, 1, '1251', 'Filter papers', 1, NULL, '1', '2022-03-02 03:58:25', '2022-03-02 03:58:25'),
(252, 85, 17, 1, '1252', 'Cork', 1, NULL, '1', '2022-03-02 03:58:42', '2022-03-02 03:58:42'),
(253, 85, 17, 1, '1253', 'Gas chamber', 1, NULL, '1', '2022-03-02 03:59:26', '2022-03-02 03:59:26'),
(254, 85, 17, 1, '1254', 'Red litmus paper', 13, NULL, '1', '2022-03-02 03:59:45', '2022-03-04 21:14:01'),
(255, 85, 17, 1, '1255', 'Blue litmus paper', 13, NULL, '1', '2022-03-02 04:00:05', '2022-03-04 21:14:59'),
(256, 85, 17, 1, '1256', 'Universal (PH 1-14)', 13, NULL, '1', '2022-03-02 04:00:54', '2022-03-04 21:14:47'),
(257, 85, 17, 1, '1257', 'Reagent bottles', 1, NULL, '1', '2022-03-02 04:01:15', '2022-03-02 04:01:15'),
(258, 85, 17, 1, '1258', 'Amiter', 1, NULL, '1', '2022-03-04 20:37:26', '2022-03-04 20:37:26');

-- --------------------------------------------------------

--
-- Table structure for table `product_brands`
--

CREATE TABLE `product_brands` (
  `id` bigint(20) UNSIGNED NOT NULL,
  `created_by` bigint(20) UNSIGNED DEFAULT NULL,
  `brand_name` varchar(191) COLLATE utf8mb4_unicode_ci NOT NULL,
  `status` enum('1','0') COLLATE utf8mb4_unicode_ci NOT NULL,
  `created_at` timestamp NULL DEFAULT NULL,
  `updated_at` timestamp NULL DEFAULT NULL
) ENGINE=InnoDB DEFAULT CHARSET=utf8mb4 COLLATE=utf8mb4_unicode_ci;

--
-- Dumping data for table `product_brands`
--

INSERT INTO `product_brands` (`id`, `created_by`, `brand_name`, `status`, `created_at`, `updated_at`) VALUES
(1, 1, 'HP', '1', NULL, NULL),
(2, 1, 'Dell', '1', NULL, NULL),
(3, 1, 'Bolunshuai', '1', NULL, NULL),
(4, 1, 'Sony', '1', NULL, NULL),
(5, 1, 'Walton', '1', NULL, NULL),
(6, 1, 'Sony', '1', NULL, NULL),
(7, 1, 'Panasonic', '1', NULL, NULL),
(8, 1, 'Benq', '1', NULL, NULL),
(9, 1, 'Dahua', '1', NULL, NULL),
(10, 1, 'Epson', '1', NULL, NULL),
(11, 1, 'Transient', '1', NULL, NULL),
(12, 1, 'Samsung', '1', NULL, NULL),
(13, 1, 'Air Doctor', '1', NULL, NULL),
(14, 1, 'BRB', '1', '2022-02-22 23:03:07', '2022-02-22 23:03:07'),
(15, 1, 'Nimo', '1', '2022-02-22 23:05:15', '2022-02-22 23:05:15'),
(16, 1, 'Cosco', '1', '2022-02-22 23:05:22', '2022-02-22 23:05:22'),
(17, 1, 'N/A', '1', '2022-02-22 23:08:15', '2022-02-22 23:08:15'),
(18, 1, 'Power(QUARTZ)', '1', '2022-02-22 23:35:14', '2022-02-22 23:35:34'),
(19, 1, 'Spark', '1', '2022-02-23 21:36:30', '2022-02-23 21:36:30'),
(20, 1, 'Digital X', '1', '2022-02-23 23:27:04', '2022-02-23 23:27:04'),
(21, 1, 'Apollo', '1', '2022-02-23 23:50:46', '2022-02-23 23:50:46'),
(22, 1, 'Toshiba', '1', '2022-02-23 23:51:03', '2022-02-23 23:51:03'),
(23, 1, 'Citizen', '1', '2022-02-23 23:51:11', '2022-02-23 23:51:11'),
(24, 1, 'Redmi', '1', '2022-02-23 23:51:19', '2022-02-23 23:51:19'),
(25, 1, 'Vivo', '1', '2022-02-23 23:51:27', '2022-02-23 23:51:27'),
(26, 1, 'Mirage', '1', '2022-02-23 23:52:08', '2022-02-23 23:52:08'),
(27, 1, 'Butterfly', '1', '2022-02-25 23:22:45', '2022-02-25 23:22:45'),
(28, 1, 'Philips', '1', '2022-02-27 00:13:09', '2022-02-27 00:13:09');

-- --------------------------------------------------------

--
-- Table structure for table `product_categories`
--

CREATE TABLE `product_categories` (
  `id` bigint(20) UNSIGNED NOT NULL,
  `created_by` bigint(20) UNSIGNED DEFAULT NULL,
  `product_category` varchar(191) COLLATE utf8mb4_unicode_ci NOT NULL,
  `status` enum('1','0') COLLATE utf8mb4_unicode_ci NOT NULL,
  `created_at` timestamp NULL DEFAULT NULL,
  `updated_at` timestamp NULL DEFAULT NULL
) ENGINE=InnoDB DEFAULT CHARSET=utf8mb4 COLLATE=utf8mb4_unicode_ci;

--
-- Dumping data for table `product_categories`
--

INSERT INTO `product_categories` (`id`, `created_by`, `product_category`, `status`, `created_at`, `updated_at`) VALUES
(1, 1, 'Electronic Devices', '1', NULL, NULL),
(2, 1, 'Electronic Accessories', '1', NULL, NULL),
(3, 1, 'Networking Devices', '1', NULL, NULL),
(4, 1, 'Official Equipment', '1', NULL, NULL),
(5, 1, 'Furnitures', '1', NULL, NULL),
(6, 1, 'Educational Materials and Stationary', '1', NULL, NULL),
(7, 1, 'Musical Instrument', '1', NULL, NULL),
(8, 1, 'Groceries', '1', NULL, NULL),
(9, 1, 'Health Equipments', '1', NULL, NULL),
(10, 1, 'Art and Craft Stationery', '1', NULL, NULL),
(11, 1, 'Home Appliances', '1', NULL, NULL),
(12, 1, 'Sport & Outdoor', '1', NULL, NULL),
(13, 1, 'Fashion and Cloth', '1', NULL, NULL),
(14, 1, 'Chemicals', '1', '2022-02-27 21:01:35', '2022-02-27 21:02:02'),
(15, 1, 'Lab Equipment', '1', '2022-02-27 22:16:44', '2022-02-27 22:16:44');

-- --------------------------------------------------------

--
-- Table structure for table `product_types`
--

CREATE TABLE `product_types` (
  `id` bigint(20) UNSIGNED NOT NULL,
  `product_category` bigint(20) UNSIGNED DEFAULT NULL,
  `created_by` bigint(20) UNSIGNED DEFAULT NULL,
  `product_type_name` varchar(191) COLLATE utf8mb4_unicode_ci NOT NULL,
  `status` enum('1','0') COLLATE utf8mb4_unicode_ci NOT NULL,
  `created_at` timestamp NULL DEFAULT NULL,
  `updated_at` timestamp NULL DEFAULT NULL
) ENGINE=InnoDB DEFAULT CHARSET=utf8mb4 COLLATE=utf8mb4_unicode_ci;

--
-- Dumping data for table `product_types`
--

INSERT INTO `product_types` (`id`, `product_category`, `created_by`, `product_type_name`, `status`, `created_at`, `updated_at`) VALUES
(1, 1, 1, 'Desktop Package PC', '1', NULL, NULL),
(2, 1, 1, 'Monitor', '1', NULL, NULL),
(3, 1, 1, 'Laptop', '1', NULL, NULL),
(4, 1, 1, 'UPS', '1', NULL, NULL),
(5, 1, 1, 'Pendrive', '1', NULL, NULL),
(6, 1, 1, 'Camera', '1', NULL, NULL),
(7, 1, 1, 'Interactive Flat Panel', '1', NULL, NULL),
(8, 1, 1, 'Printer', '1', NULL, NULL),
(9, 1, 1, 'All in One PC', '1', NULL, NULL),
(10, 1, 1, 'CC Camera', '1', NULL, NULL),
(11, 1, 1, 'Photocopier', '1', NULL, NULL),
(12, 1, 1, 'ID Card Printer', '1', NULL, NULL),
(13, 1, 1, 'Projector', '1', NULL, NULL),
(14, 1, 1, 'Television', '1', NULL, NULL),
(15, 1, 1, 'Sound System', '1', NULL, NULL),
(16, 2, 1, 'Wall Clock', '1', NULL, NULL),
(17, 3, 1, 'Network video recorder (NVR)', '1', NULL, NULL),
(18, 4, 1, 'Ribbon', '1', NULL, NULL),
(19, 4, 1, 'Cartridge', '1', NULL, NULL),
(20, 4, 1, 'Toner', '1', NULL, NULL),
(21, 4, 1, 'TNT/Intercom', '1', NULL, NULL),
(22, 5, 1, 'Table', '1', '2022-02-22 21:14:19', '2022-02-22 21:14:19'),
(23, 5, 1, 'Chair', '1', '2022-02-22 21:14:26', '2022-02-22 21:14:26'),
(24, 5, 1, 'Small Chair(Tool)', '1', '2022-02-22 21:16:30', '2022-02-22 21:16:30'),
(25, 5, 1, 'Showcase', '1', '2022-02-22 21:21:58', '2022-02-22 21:21:58'),
(26, 2, 1, 'Fan', '1', '2022-02-22 21:24:01', '2022-02-22 21:24:01'),
(27, 2, 1, 'Bulb', '1', '2022-02-22 21:24:13', '2022-02-22 21:40:46'),
(28, 10, 1, 'Carpet', '1', '2022-02-22 21:25:03', '2022-02-22 21:25:03'),
(29, 10, 1, 'Picture Frame', '1', '2022-02-22 21:25:20', '2022-02-22 21:25:20'),
(30, 13, 1, 'Sharee', '1', '2022-02-22 21:26:28', '2022-02-22 21:26:48'),
(31, 13, 1, 'Scarf', '1', '2022-02-22 21:27:07', '2022-02-22 21:27:07'),
(32, 10, 1, 'Table Cloth', '1', '2022-02-22 21:28:42', '2022-02-22 21:28:42'),
(33, 13, 1, 'Body Sheet(Chador)', '1', '2022-02-22 21:31:16', '2022-02-22 21:31:16'),
(34, 10, 1, 'Mat', '1', '2022-02-22 21:32:26', '2022-02-22 21:32:26'),
(35, 10, 1, 'Sewing Machine', '1', '2022-02-22 21:33:19', '2022-02-22 21:33:19'),
(36, 5, 1, 'Wall Shelf', '1', '2022-02-22 21:34:58', '2022-02-22 21:34:58'),
(37, 5, 1, 'Shelf', '1', '2022-02-22 21:35:35', '2022-02-22 21:35:35'),
(38, 11, 1, 'Stove', '1', '2022-02-22 21:36:56', '2022-02-22 21:36:56'),
(39, 10, 1, 'Wall Hanging Craft', '1', '2022-02-22 21:37:33', '2022-02-22 21:37:33'),
(40, 11, 1, 'Water Filter', '1', '2022-02-22 21:38:22', '2022-02-22 21:38:22'),
(41, 5, 1, 'Seating Bed Foam', '1', '2022-02-22 21:40:20', '2022-02-22 21:40:20'),
(42, 12, 1, 'Ludo Table', '1', '2022-02-22 21:41:32', '2022-02-22 21:41:32'),
(43, 12, 1, 'Chess Table', '1', '2022-02-22 21:42:17', '2022-02-22 21:42:17'),
(44, 12, 1, 'Football', '1', '2022-02-22 21:42:43', '2022-02-22 21:42:43'),
(45, 12, 1, 'Chess Board', '1', '2022-02-22 21:43:11', '2022-02-22 21:43:11'),
(46, 4, 1, 'Flag', '1', '2022-02-22 21:43:50', '2022-02-22 21:43:50'),
(47, 12, 1, 'Carrom Board', '1', '2022-02-22 21:45:25', '2022-02-22 21:45:25'),
(48, 5, 1, 'Round Table', '1', '2022-02-22 21:46:01', '2022-02-22 21:46:01'),
(49, 5, 1, 'Computer Table', '1', '2022-02-22 21:46:51', '2022-02-22 21:46:51'),
(50, 5, 1, 'Sofa', '1', '2022-02-22 21:47:16', '2022-02-22 21:47:16'),
(51, 5, 1, 'Book Shelf', '1', '2022-02-22 21:48:44', '2022-02-22 23:29:33'),
(52, 5, 1, 'Ladder', '1', '2022-02-22 21:49:17', '2022-02-22 21:49:17'),
(53, 4, 1, 'Locker', '1', '2022-02-22 21:50:35', '2022-02-22 21:50:35'),
(54, 10, 1, 'Information Corner', '1', '2022-02-22 22:09:00', '2022-02-22 22:09:00'),
(55, 10, 1, 'Vase', '1', '2022-02-22 22:09:38', '2022-02-22 22:09:38'),
(56, 6, 1, 'Pencil', '1', '2022-02-22 22:11:13', '2022-02-22 22:11:13'),
(57, 6, 1, 'Pen', '1', '2022-02-22 22:11:21', '2022-02-22 22:11:21'),
(58, 6, 1, 'Book', '1', '2022-02-22 22:11:40', '2022-02-22 22:11:40'),
(59, 6, 1, 'Newspaper', '1', '2022-02-22 23:31:48', '2022-02-22 23:31:48'),
(60, 5, 1, 'Sport Shelf', '1', '2022-02-22 23:41:20', '2022-02-22 23:41:20'),
(61, 12, 1, 'Bed', '1', '2022-02-23 21:47:09', '2022-02-23 21:47:09'),
(62, 5, 1, 'Dining Table', '1', '2022-02-23 22:14:47', '2022-02-23 22:15:13'),
(63, 10, 1, 'Wall Covering (Porda)', '1', '2022-02-23 22:21:00', '2022-02-23 22:21:00'),
(64, 5, 1, 'Doer Board', '1', '2022-02-23 22:24:37', '2022-02-23 22:24:37'),
(65, 5, 1, 'Seating Foam', '1', '2022-02-23 22:35:05', '2022-02-23 22:35:05'),
(66, 2, 1, 'Calculator', '1', '2022-02-23 23:52:57', '2022-02-23 23:52:57'),
(67, 1, 1, 'Mobile', '1', '2022-02-23 23:53:16', '2022-02-23 23:53:16'),
(68, 5, 1, 'Almirah', '1', '2022-02-23 23:53:32', '2022-02-23 23:53:32'),
(69, 5, 1, 'Hutch (Chest)', '1', '2022-02-23 23:56:21', '2022-02-23 23:56:21'),
(70, 4, 1, 'Refrigerator', '1', '2022-02-24 00:02:33', '2022-02-24 00:02:33'),
(71, 9, 1, 'First Aid Kid  Box', '1', '2022-02-24 01:04:05', '2022-02-24 01:04:05'),
(72, 10, 1, 'Window Curtain (Porda)', '1', '2022-02-25 23:17:23', '2022-02-25 23:17:23'),
(73, 10, 1, 'Net Cloth', '1', '2022-02-25 23:18:42', '2022-02-25 23:18:42'),
(74, 10, 1, 'Bed Sheet', '1', '2022-02-25 23:19:21', '2022-02-25 23:19:21'),
(75, 6, 1, 'Black Board', '1', '2022-02-26 00:24:09', '2022-02-26 00:24:09'),
(76, 6, 1, 'White Board', '1', '2022-02-26 00:24:29', '2022-02-26 00:24:29'),
(77, 6, 1, 'Daster', '1', '2022-02-26 00:26:57', '2022-02-26 00:26:57'),
(78, 11, 1, 'Trash Basket', '1', '2022-02-26 00:28:41', '2022-02-26 00:28:41'),
(79, 8, 1, 'Handwash', '1', '2022-02-26 00:28:58', '2022-02-26 00:28:58'),
(80, 6, 1, 'Chalk Box', '1', '2022-02-26 00:29:33', '2022-02-26 00:29:33'),
(81, 5, 1, 'Podium (Dayas)', '1', '2022-02-26 21:24:18', '2022-02-26 21:24:18'),
(82, 14, 1, 'Biology chemicals', '1', '2022-02-27 21:02:16', '2022-02-27 21:02:16'),
(83, 15, 1, 'Biology Lab Equipment', '1', '2022-02-27 22:17:19', '2022-02-27 22:17:19'),
(84, 15, 1, 'Physics Lab Equipment', '1', '2022-02-28 00:09:14', '2022-02-28 00:09:14'),
(85, 15, 1, 'Lab Equipment', '1', '2022-03-02 03:31:17', '2022-03-02 03:31:17');

-- --------------------------------------------------------

--
-- Table structure for table `product_units`
--

CREATE TABLE `product_units` (
  `id` bigint(20) UNSIGNED NOT NULL,
  `created_by` bigint(20) UNSIGNED NOT NULL,
  `unit_name` varchar(191) COLLATE utf8mb4_unicode_ci NOT NULL,
  `description` varchar(191) COLLATE utf8mb4_unicode_ci NOT NULL,
  `status` enum('1','0') COLLATE utf8mb4_unicode_ci NOT NULL,
  `created_at` timestamp NULL DEFAULT NULL,
  `updated_at` timestamp NULL DEFAULT NULL
) ENGINE=InnoDB DEFAULT CHARSET=utf8mb4 COLLATE=utf8mb4_unicode_ci;

--
-- Dumping data for table `product_units`
--

INSERT INTO `product_units` (`id`, `created_by`, `unit_name`, `description`, `status`, `created_at`, `updated_at`) VALUES
(1, 1, 'pcs', 'PIECE', '1', NULL, '2022-02-27 22:09:47'),
(2, 1, 'box', 'BOX', '1', NULL, '2022-02-27 22:30:51'),
(3, 1, 'DZ', 'Dozens', '1', NULL, NULL),
(4, 1, 'BTL', 'Bottles', '1', NULL, NULL),
(5, 1, 'FT', 'Feet', '1', NULL, NULL),
(6, 1, 'KG', 'Kilogram', '1', NULL, NULL),
(7, 1, 'GL', 'Gallon', '1', NULL, NULL),
(8, 1, 'Gm', 'Grams', '1', NULL, NULL),
(9, 1, 'In', 'Inch', '1', NULL, NULL),
(10, 1, 'Ltr', 'Liters', '1', NULL, NULL),
(11, 1, 'M', 'Meter', '1', NULL, NULL),
(12, 1, 'NOS', 'NOS', '1', NULL, NULL),
(13, 1, 'Pkt', 'Packet', '1', NULL, NULL),
(14, 1, 'RLS', 'Rolls', '1', NULL, NULL),
(15, 1, 'BG', 'Bags', '1', NULL, NULL),
(16, 1, 'ml', 'Milliliter', '1', '2022-02-27 21:03:25', '2022-02-27 21:03:25'),
(17, 1, 'L', 'L', '1', '2022-02-27 21:10:54', '2022-02-27 21:10:54'),
(18, 1, 'g', 'G', '1', '2022-02-27 21:12:47', '2022-02-27 21:12:47');

-- --------------------------------------------------------

--
-- Table structure for table `purchases_child_tbl`
--

CREATE TABLE `purchases_child_tbl` (
  `id` bigint(20) UNSIGNED NOT NULL,
  `purchase_parent_id` bigint(20) UNSIGNED NOT NULL,
  `product_id` bigint(20) UNSIGNED NOT NULL,
  `quantity` decimal(5,0) NOT NULL,
  `unit_price` decimal(20,2) NOT NULL,
  `total_price` decimal(20,2) NOT NULL,
  `created_at` timestamp NULL DEFAULT NULL,
  `updated_at` timestamp NULL DEFAULT NULL
) ENGINE=InnoDB DEFAULT CHARSET=utf8mb4 COLLATE=utf8mb4_unicode_ci;

--
-- Dumping data for table `purchases_child_tbl`
--

INSERT INTO `purchases_child_tbl` (`id`, `purchase_parent_id`, `product_id`, `quantity`, `unit_price`, `total_price`, `created_at`, `updated_at`) VALUES
(3, 1, 5, '8', '1.00', '8.00', '2022-02-22 23:57:52', '2022-02-22 23:57:52'),
(4, 1, 8, '7', '1.00', '7.00', '2022-02-22 23:57:52', '2022-02-22 23:57:52'),
(5, 1, 9, '2', '1.00', '2.00', '2022-02-22 23:57:52', '2022-02-22 23:57:52'),
(6, 1, 10, '1', '1.00', '1.00', '2022-02-22 23:57:52', '2022-02-22 23:57:52'),
(7, 1, 11, '1', '1.00', '1.00', '2022-02-22 23:57:53', '2022-02-22 23:57:53'),
(8, 1, 12, '15', '1.00', '15.00', '2022-02-22 23:57:53', '2022-02-22 23:57:53'),
(9, 1, 13, '15', '1.00', '15.00', '2022-02-22 23:57:53', '2022-02-22 23:57:53'),
(10, 1, 14, '1', '1.00', '1.00', '2022-02-22 23:57:53', '2022-02-22 23:57:53'),
(11, 1, 15, '1', '1.00', '1.00', '2022-02-22 23:57:53', '2022-02-22 23:57:53'),
(12, 1, 16, '1', '1.00', '1.00', '2022-02-22 23:57:53', '2022-02-22 23:57:53'),
(13, 1, 17, '11', '1.00', '11.00', '2022-02-22 23:57:53', '2022-02-22 23:57:53'),
(14, 1, 18, '1', '1.00', '1.00', '2022-02-22 23:57:53', '2022-02-22 23:57:53'),
(15, 1, 19, '3826', '1.00', '3826.00', '2022-02-22 23:57:53', '2022-02-22 23:57:53'),
(16, 1, 20, '2', '1.00', '2.00', '2022-02-22 23:57:53', '2022-02-22 23:57:53'),
(17, 1, 21, '1', '1.00', '1.00', '2022-02-22 23:57:53', '2022-02-22 23:57:53'),
(18, 1, 22, '1', '1.00', '1.00', '2022-02-22 23:57:53', '2022-02-22 23:57:53'),
(19, 1, 23, '1', '1.00', '1.00', '2022-02-22 23:57:53', '2022-02-22 23:57:53'),
(20, 1, 25, '1', '1.00', '1.00', '2022-02-22 23:57:53', '2022-02-22 23:57:53'),
(21, 1, 26, '1', '1.00', '1.00', '2022-02-22 23:57:53', '2022-02-22 23:57:53'),
(22, 1, 27, '1', '1.00', '1.00', '2022-02-22 23:57:54', '2022-02-22 23:57:54'),
(23, 1, 28, '1', '1.00', '1.00', '2022-02-22 23:57:54', '2022-02-22 23:57:54'),
(24, 1, 6, '1', '1.00', '1.00', '2022-02-22 23:57:54', '2022-02-22 23:57:54'),
(25, 1, 29, '1', '1.00', '1.00', '2022-02-22 23:57:54', '2022-02-22 23:57:54'),
(26, 2, 30, '3', '1.00', '3.00', '2022-02-23 00:12:29', '2022-02-23 00:12:29'),
(27, 3, 31, '30', '1.00', '30.00', '2022-02-23 00:22:01', '2022-02-23 00:22:01'),
(28, 4, 28, '1', '1.00', '1.00', '2022-02-23 00:26:48', '2022-02-23 00:26:48'),
(29, 5, 5, '2', '1.00', '2.00', '2022-02-23 21:39:07', '2022-02-23 21:39:07'),
(30, 5, 32, '4', '1.00', '4.00', '2022-02-23 21:39:08', '2022-02-23 21:39:08'),
(31, 5, 11, '1', '1.00', '1.00', '2022-02-23 21:39:08', '2022-02-23 21:39:08'),
(32, 6, 37, '2', '1.00', '2.00', '2022-02-23 21:48:05', '2022-02-23 21:48:05'),
(33, 6, 34, '2', '1.00', '2.00', '2022-02-23 21:48:05', '2022-02-23 21:48:05'),
(34, 6, 13, '6', '1.00', '6.00', '2022-02-23 21:48:05', '2022-02-23 21:48:05'),
(35, 7, 40, '1', '1.00', '1.00', '2022-02-23 21:49:42', '2022-02-23 21:49:42'),
(36, 7, 35, '4', '1.00', '4.00', '2022-02-23 21:49:42', '2022-02-23 21:49:42'),
(37, 7, 36, '5', '1.00', '5.00', '2022-02-23 21:49:42', '2022-02-23 21:49:42'),
(38, 7, 38, '4', '1.00', '4.00', '2022-02-23 21:49:42', '2022-02-23 21:49:42'),
(39, 7, 39, '2', '1.00', '2.00', '2022-02-23 21:49:42', '2022-02-23 21:49:42'),
(40, 8, 33, '2', '1.00', '2.00', '2022-02-23 21:51:06', '2022-02-23 21:51:06'),
(41, 9, 41, '1', '1.00', '1.00', '2022-02-23 22:31:13', '2022-02-23 22:31:13'),
(42, 9, 42, '5', '1.00', '5.00', '2022-02-23 22:31:13', '2022-02-23 22:31:13'),
(43, 9, 12, '1', '1.00', '1.00', '2022-02-23 22:31:13', '2022-02-23 22:31:13'),
(44, 9, 44, '4', '1.00', '4.00', '2022-02-23 22:31:13', '2022-02-23 22:31:13'),
(45, 10, 49, '3', '1.00', '3.00', '2022-02-23 22:34:15', '2022-02-23 22:34:15'),
(46, 10, 50, '1', '1.00', '1.00', '2022-02-23 22:34:15', '2022-02-23 22:34:15'),
(47, 10, 51, '1', '1.00', '1.00', '2022-02-23 22:34:15', '2022-02-23 22:34:15'),
(48, 10, 43, '1', '1.00', '1.00', '2022-02-23 22:34:15', '2022-02-23 22:34:15'),
(49, 10, 44, '4', '1.00', '4.00', '2022-02-23 22:34:15', '2022-02-23 22:34:15'),
(50, 10, 45, '1', '1.00', '1.00', '2022-02-23 22:34:15', '2022-02-23 22:34:15'),
(51, 10, 47, '1', '1.00', '1.00', '2022-02-23 22:34:15', '2022-02-23 22:34:15'),
(52, 10, 5, '1', '1.00', '1.00', '2022-02-23 22:34:15', '2022-02-23 22:34:15'),
(53, 10, 48, '1', '1.00', '1.00', '2022-02-23 22:34:15', '2022-02-23 22:34:15'),
(54, 11, 52, '1', '1.00', '1.00', '2022-02-23 22:36:00', '2022-02-23 22:36:00'),
(55, 12, 53, '1', '1.00', '1.00', '2022-02-24 00:09:43', '2022-02-24 00:09:43'),
(56, 12, 3, '1', '1.00', '1.00', '2022-02-24 00:09:43', '2022-02-24 00:09:43'),
(57, 12, 54, '1', '1.00', '1.00', '2022-02-24 00:09:43', '2022-02-24 00:09:43'),
(58, 12, 55, '4', '1.00', '4.00', '2022-02-24 00:09:43', '2022-02-24 00:09:43'),
(59, 12, 56, '1', '1.00', '1.00', '2022-02-24 00:09:43', '2022-02-24 00:09:43'),
(60, 12, 57, '2', '1.00', '2.00', '2022-02-24 00:09:43', '2022-02-24 00:09:43'),
(61, 12, 58, '1', '1.00', '1.00', '2022-02-24 00:09:43', '2022-02-24 00:09:43'),
(62, 12, 59, '1', '1.00', '1.00', '2022-02-24 00:09:43', '2022-02-24 00:09:43'),
(63, 12, 60, '1', '1.00', '1.00', '2022-02-24 00:09:43', '2022-02-24 00:09:43'),
(64, 12, 62, '1', '1.00', '1.00', '2022-02-24 00:09:43', '2022-02-24 00:09:43'),
(65, 12, 61, '1', '1.00', '1.00', '2022-02-24 00:09:43', '2022-02-24 00:09:43'),
(66, 12, 11, '2', '1.00', '2.00', '2022-02-24 00:09:43', '2022-02-24 00:09:43'),
(67, 12, 12, '2', '1.00', '2.00', '2022-02-24 00:09:43', '2022-02-24 00:09:43'),
(68, 13, 65, '5', '1.00', '5.00', '2022-02-24 00:12:55', '2022-02-24 00:12:55'),
(69, 13, 64, '1', '1.00', '1.00', '2022-02-24 00:12:55', '2022-02-24 00:12:55'),
(70, 13, 63, '4', '1.00', '4.00', '2022-02-24 00:12:55', '2022-02-24 00:12:55'),
(71, 14, 5, '1', '1.00', '1.00', '2022-02-24 00:29:00', '2022-02-24 00:29:00'),
(72, 14, 63, '4', '1.00', '4.00', '2022-02-24 00:29:00', '2022-02-24 00:29:00'),
(73, 15, 66, '3', '1.00', '3.00', '2022-02-24 00:36:23', '2022-02-24 00:36:23'),
(74, 15, 5, '1', '1.00', '1.00', '2022-02-24 00:36:23', '2022-02-24 00:36:23'),
(75, 16, 65, '3', '2.00', '6.00', '2022-02-24 01:02:54', '2022-02-24 01:02:54'),
(76, 16, 15, '1', '1.00', '1.00', '2022-02-24 01:02:54', '2022-02-24 01:02:54'),
(77, 16, 5, '1', '1.00', '1.00', '2022-02-24 01:02:54', '2022-02-24 01:02:54'),
(78, 16, 11, '1', '1.00', '1.00', '2022-02-24 01:02:54', '2022-02-24 01:02:54'),
(79, 16, 69, '1', '1.00', '1.00', '2022-02-24 01:02:54', '2022-02-24 01:02:54'),
(80, 16, 66, '2', '1.00', '2.00', '2022-02-24 01:02:54', '2022-02-24 01:02:54'),
(81, 16, 63, '7', '2.00', '14.00', '2022-02-24 01:02:55', '2022-02-24 01:02:55'),
(82, 17, 71, '1', '1.00', '1.00', '2022-02-24 01:06:15', '2022-02-24 01:06:15'),
(83, 18, 70, '1', '1.00', '1.00', '2022-02-24 01:11:47', '2022-02-24 01:11:47'),
(84, 19, 67, '1', '1.00', '1.00', '2022-02-24 01:15:05', '2022-02-24 01:15:05'),
(85, 20, 72, '4', '1.00', '4.00', '2022-02-25 23:27:36', '2022-02-25 23:27:36'),
(86, 20, 11, '2', '1.00', '2.00', '2022-02-25 23:27:36', '2022-02-25 23:27:36'),
(87, 20, 12, '36', '1.00', '36.00', '2022-02-25 23:27:36', '2022-02-25 23:27:36'),
(88, 20, 73, '4', '1.00', '4.00', '2022-02-25 23:27:36', '2022-02-25 23:27:36'),
(89, 20, 74, '7', '1.00', '7.00', '2022-02-25 23:27:36', '2022-02-25 23:27:36'),
(90, 20, 5, '8', '1.00', '8.00', '2022-02-25 23:27:36', '2022-02-25 23:27:36'),
(91, 20, 8, '6', '1.00', '6.00', '2022-02-25 23:27:36', '2022-02-25 23:27:36'),
(92, 21, 75, '3', '1.00', '3.00', '2022-02-25 23:55:46', '2022-02-25 23:55:46'),
(93, 21, 86, '1', '1.00', '1.00', '2022-02-25 23:55:46', '2022-02-25 23:55:46'),
(94, 21, 76, '6', '1.00', '6.00', '2022-02-25 23:55:46', '2022-02-25 23:55:46'),
(95, 21, 78, '30', '1.00', '30.00', '2022-02-25 23:55:46', '2022-02-25 23:55:46'),
(96, 21, 79, '19', '1.00', '19.00', '2022-02-25 23:55:46', '2022-02-25 23:55:46'),
(97, 21, 80, '28', '1.00', '28.00', '2022-02-25 23:55:46', '2022-02-25 23:55:46'),
(98, 21, 81, '5', '1.00', '5.00', '2022-02-25 23:55:46', '2022-02-25 23:55:46'),
(99, 21, 82, '15', '1.00', '15.00', '2022-02-25 23:55:46', '2022-02-25 23:55:46'),
(100, 21, 83, '2', '1.00', '2.00', '2022-02-25 23:55:47', '2022-02-25 23:55:47'),
(101, 21, 84, '8', '1.00', '8.00', '2022-02-25 23:55:47', '2022-02-25 23:55:47'),
(102, 21, 85, '1', '1.00', '1.00', '2022-02-25 23:55:47', '2022-02-25 23:55:47'),
(103, 22, 72, '20', '1.00', '20.00', '2022-02-26 00:40:54', '2022-02-26 00:40:54'),
(104, 22, 88, '40', '1.00', '40.00', '2022-02-26 00:40:54', '2022-02-26 00:40:54'),
(105, 22, 5, '6', '1.00', '6.00', '2022-02-26 00:40:54', '2022-02-26 00:40:54'),
(106, 22, 8, '4', '1.00', '4.00', '2022-02-26 00:40:54', '2022-02-26 00:40:54'),
(107, 22, 56, '1', '1.00', '1.00', '2022-02-26 00:40:55', '2022-02-26 00:40:55'),
(108, 23, 90, '1', '1.00', '1.00', '2022-02-26 00:42:59', '2022-02-26 00:42:59'),
(109, 23, 89, '2', '1.00', '2.00', '2022-02-26 00:42:59', '2022-02-26 00:42:59'),
(110, 23, 87, '2', '1.00', '2.00', '2022-02-26 00:42:59', '2022-02-26 00:42:59'),
(111, 24, 91, '6', '1.00', '6.00', '2022-02-26 00:55:24', '2022-02-26 00:55:24'),
(112, 24, 92, '6', '1.00', '6.00', '2022-02-26 00:55:24', '2022-02-26 00:55:24'),
(113, 24, 93, '6', '1.00', '6.00', '2022-02-26 00:55:24', '2022-02-26 00:55:24'),
(114, 24, 94, '1', '1.00', '1.00', '2022-02-26 00:55:24', '2022-02-26 00:55:24'),
(115, 24, 95, '5', '2.00', '10.00', '2022-02-26 00:55:24', '2022-02-26 00:55:24'),
(116, 25, 72, '40', '1.00', '40.00', '2022-02-26 03:18:41', '2022-02-26 03:18:41'),
(117, 25, 88, '40', '1.00', '40.00', '2022-02-26 03:18:41', '2022-02-26 03:18:41'),
(118, 25, 5, '6', '1.00', '6.00', '2022-02-26 03:18:41', '2022-02-26 03:18:41'),
(119, 25, 7, '4', '1.00', '4.00', '2022-02-26 03:18:41', '2022-02-26 03:18:41'),
(120, 25, 56, '1', '1.00', '1.00', '2022-02-26 03:18:41', '2022-02-26 03:18:41'),
(121, 25, 90, '1', '1.00', '1.00', '2022-02-26 03:18:42', '2022-02-26 03:18:42'),
(122, 25, 87, '2', '1.00', '2.00', '2022-02-26 03:18:42', '2022-02-26 03:18:42'),
(123, 25, 89, '2', '1.00', '2.00', '2022-02-26 03:18:42', '2022-02-26 03:18:42'),
(124, 25, 91, '1', '1.00', '1.00', '2022-02-26 03:18:42', '2022-02-26 03:18:42'),
(125, 25, 92, '1', '1.00', '1.00', '2022-02-26 03:18:42', '2022-02-26 03:18:42'),
(126, 25, 93, '1', '1.00', '1.00', '2022-02-26 03:18:42', '2022-02-26 03:18:42'),
(127, 25, 94, '1', '1.00', '1.00', '2022-02-26 03:18:42', '2022-02-26 03:18:42'),
(128, 25, 95, '1', '1.00', '1.00', '2022-02-26 03:18:42', '2022-02-26 03:18:42'),
(129, 26, 72, '100', '1.00', '100.00', '2022-02-26 03:31:21', '2022-02-26 03:31:21'),
(130, 26, 88, '100', '1.00', '100.00', '2022-02-26 03:31:21', '2022-02-26 03:31:21'),
(131, 26, 5, '3', '1.00', '3.00', '2022-02-26 03:31:21', '2022-02-26 03:31:21'),
(132, 26, 8, '15', '1.00', '15.00', '2022-02-26 03:31:21', '2022-02-26 03:31:21'),
(133, 26, 91, '1', '1.00', '1.00', '2022-02-26 03:31:21', '2022-02-26 03:31:21'),
(134, 26, 92, '6', '2.00', '12.00', '2022-02-26 03:31:21', '2022-02-26 03:31:21'),
(135, 26, 87, '9', '1.00', '9.00', '2022-02-26 03:31:21', '2022-02-26 03:31:21'),
(136, 26, 89, '8', '1.00', '8.00', '2022-02-26 03:31:21', '2022-02-26 03:31:21'),
(137, 26, 95, '2', '2.00', '4.00', '2022-02-26 03:31:21', '2022-02-26 03:31:21'),
(138, 27, 87, '25', '1.00', '25.00', '2022-02-26 03:51:33', '2022-02-26 03:51:33'),
(139, 27, 88, '25', '1.00', '25.00', '2022-02-26 03:51:33', '2022-02-26 03:51:33'),
(140, 27, 5, '3', '1.00', '3.00', '2022-02-26 03:51:33', '2022-02-26 03:51:33'),
(141, 27, 66, '2', '1.00', '2.00', '2022-02-26 03:51:33', '2022-02-26 03:51:33'),
(142, 27, 91, '1', '1.00', '1.00', '2022-02-26 03:51:34', '2022-02-26 03:51:34'),
(143, 27, 92, '1', '1.00', '1.00', '2022-02-26 03:51:34', '2022-02-26 03:51:34'),
(144, 27, 89, '1', '1.00', '1.00', '2022-02-26 03:51:34', '2022-02-26 03:51:34'),
(145, 27, 72, '25', '1.00', '25.00', '2022-02-26 03:51:34', '2022-02-26 03:51:34'),
(146, 27, 90, '1', '1.00', '1.00', '2022-02-26 03:51:34', '2022-02-26 03:51:34'),
(147, 27, 93, '1', '1.00', '1.00', '2022-02-26 03:51:34', '2022-02-26 03:51:34'),
(148, 27, 95, '1', '1.00', '1.00', '2022-02-26 03:51:34', '2022-02-26 03:51:34'),
(149, 28, 72, '100', '1.00', '100.00', '2022-02-26 04:05:08', '2022-02-26 04:05:08'),
(150, 28, 5, '12', '1.00', '12.00', '2022-02-26 04:05:08', '2022-02-26 04:05:08'),
(151, 28, 88, '100', '1.00', '100.00', '2022-02-26 04:05:08', '2022-02-26 04:05:08'),
(152, 28, 8, '8', '1.00', '8.00', '2022-02-26 04:05:08', '2022-02-26 04:05:08'),
(153, 28, 91, '4', '1.00', '4.00', '2022-02-26 04:05:08', '2022-02-26 04:05:08'),
(154, 28, 92, '4', '1.00', '4.00', '2022-02-26 04:05:08', '2022-02-26 04:05:08'),
(155, 28, 87, '4', '1.00', '4.00', '2022-02-26 04:05:08', '2022-02-26 04:05:08'),
(156, 28, 89, '4', '1.00', '4.00', '2022-02-26 04:05:08', '2022-02-26 04:05:08'),
(157, 28, 90, '4', '1.00', '4.00', '2022-02-26 04:05:08', '2022-02-26 04:05:08'),
(158, 28, 95, '4', '1.00', '4.00', '2022-02-26 04:05:08', '2022-02-26 04:05:08'),
(159, 29, 72, '100', '1.00', '100.00', '2022-02-26 20:55:47', '2022-02-26 20:55:47'),
(160, 29, 88, '100', '1.00', '100.00', '2022-02-26 20:55:47', '2022-02-26 20:55:47'),
(161, 29, 5, '12', '1.00', '12.00', '2022-02-26 20:55:48', '2022-02-26 20:55:48'),
(162, 29, 7, '8', '1.00', '8.00', '2022-02-26 20:55:48', '2022-02-26 20:55:48'),
(163, 29, 91, '4', '1.00', '4.00', '2022-02-26 20:55:48', '2022-02-26 20:55:48'),
(164, 29, 87, '4', '1.00', '4.00', '2022-02-26 20:55:48', '2022-02-26 20:55:48'),
(165, 29, 92, '4', '1.00', '4.00', '2022-02-26 20:55:48', '2022-02-26 20:55:48'),
(166, 29, 89, '4', '1.00', '4.00', '2022-02-26 20:55:48', '2022-02-26 20:55:48'),
(167, 29, 93, '4', '1.00', '4.00', '2022-02-26 20:55:48', '2022-02-26 20:55:48'),
(168, 29, 90, '4', '1.00', '4.00', '2022-02-26 20:55:48', '2022-02-26 20:55:48'),
(169, 29, 95, '4', '1.00', '4.00', '2022-02-26 20:55:48', '2022-02-26 20:55:48'),
(170, 30, 96, '2', '1.00', '2.00', '2022-02-26 21:27:28', '2022-02-26 21:27:28'),
(171, 31, 8, '2', '1.00', '2.00', '2022-02-26 21:36:40', '2022-02-26 21:36:40'),
(172, 32, 72, '100', '1.00', '100.00', '2022-02-26 21:55:02', '2022-02-26 21:55:02'),
(173, 32, 88, '100', '1.00', '100.00', '2022-02-26 21:55:02', '2022-02-26 21:55:02'),
(174, 32, 5, '3', '1.00', '3.00', '2022-02-26 21:55:02', '2022-02-26 21:55:02'),
(175, 32, 8, '8', '1.00', '8.00', '2022-02-26 21:55:02', '2022-02-26 21:55:02'),
(176, 32, 91, '4', '1.00', '4.00', '2022-02-26 21:55:03', '2022-02-26 21:55:03'),
(177, 32, 92, '4', '1.00', '4.00', '2022-02-26 21:55:03', '2022-02-26 21:55:03'),
(178, 32, 87, '4', '1.00', '4.00', '2022-02-26 21:55:03', '2022-02-26 21:55:03'),
(179, 32, 89, '4', '1.00', '4.00', '2022-02-26 21:55:03', '2022-02-26 21:55:03'),
(180, 32, 93, '4', '1.00', '4.00', '2022-02-26 21:55:03', '2022-02-26 21:55:03'),
(181, 32, 90, '4', '1.00', '4.00', '2022-02-26 21:55:03', '2022-02-26 21:55:03'),
(182, 32, 95, '4', '1.00', '4.00', '2022-02-26 21:55:03', '2022-02-26 21:55:03'),
(183, 33, 5, '10', '1.00', '10.00', '2022-02-26 22:14:42', '2022-02-26 22:14:42'),
(184, 34, 72, '150', '1.00', '150.00', '2022-02-26 22:20:34', '2022-02-26 22:20:34'),
(185, 34, 88, '150', '1.00', '150.00', '2022-02-26 22:20:34', '2022-02-26 22:20:34'),
(186, 34, 5, '18', '1.00', '18.00', '2022-02-26 22:20:34', '2022-02-26 22:20:34'),
(187, 34, 8, '12', '1.00', '12.00', '2022-02-26 22:20:34', '2022-02-26 22:20:34'),
(188, 34, 91, '1', '1.00', '1.00', '2022-02-26 22:20:34', '2022-02-26 22:20:34'),
(189, 34, 92, '6', '1.00', '6.00', '2022-02-26 22:20:34', '2022-02-26 22:20:34'),
(190, 34, 90, '6', '1.00', '6.00', '2022-02-26 22:20:34', '2022-02-26 22:20:34'),
(191, 34, 96, '6', '1.00', '6.00', '2022-02-26 22:20:34', '2022-02-26 22:20:34'),
(192, 34, 93, '6', '1.00', '6.00', '2022-02-26 22:20:34', '2022-02-26 22:20:34'),
(193, 34, 95, '6', '1.00', '6.00', '2022-02-26 22:20:34', '2022-02-26 22:20:34'),
(194, 35, 31, '30', '1.00', '30.00', '2022-02-27 00:18:06', '2022-02-27 00:18:06'),
(195, 35, 98, '1', '1.00', '1.00', '2022-02-27 00:18:06', '2022-02-27 00:18:06'),
(196, 35, 10, '30', '1.00', '30.00', '2022-02-27 00:18:07', '2022-02-27 00:18:07'),
(197, 35, 66, '12', '1.00', '12.00', '2022-02-27 00:18:07', '2022-02-27 00:18:07'),
(198, 35, 2, '1', '1.00', '1.00', '2022-02-27 00:18:07', '2022-02-27 00:18:07'),
(199, 35, 1, '1', '1.00', '1.00', '2022-02-27 00:18:07', '2022-02-27 00:18:07'),
(200, 35, 15, '1', '1.00', '1.00', '2022-02-27 00:18:07', '2022-02-27 00:18:07'),
(201, 35, 5, '5', '1.00', '5.00', '2022-02-27 00:18:07', '2022-02-27 00:18:07'),
(202, 35, 8, '1', '1.00', '1.00', '2022-02-27 00:18:07', '2022-02-27 00:18:07'),
(203, 35, 89, '3', '1.00', '3.00', '2022-02-27 00:18:07', '2022-02-27 00:18:07'),
(204, 36, 97, '1', '1.00', '1.00', '2022-02-27 00:21:19', '2022-02-27 00:21:19'),
(205, 37, 5, '20', '1.00', '20.00', '2022-02-27 00:26:36', '2022-02-27 00:26:36'),
(206, 38, 56, '1', '1.00', '1.00', '2022-02-27 00:35:01', '2022-02-27 00:35:01'),
(207, 38, 89, '5', '1.00', '5.00', '2022-02-27 00:35:01', '2022-02-27 00:35:01'),
(208, 38, 99, '1', '1.00', '1.00', '2022-02-27 00:35:01', '2022-02-27 00:35:01'),
(209, 38, 66, '2', '1.00', '2.00', '2022-02-27 00:35:01', '2022-02-27 00:35:01'),
(210, 38, 100, '1', '1.00', '1.00', '2022-02-27 00:35:01', '2022-02-27 00:35:01'),
(211, 38, 5, '1', '1.00', '1.00', '2022-02-27 00:35:01', '2022-02-27 00:35:01'),
(212, 38, 11, '1', '1.00', '1.00', '2022-02-27 00:35:01', '2022-02-27 00:35:01'),
(213, 39, 101, '1', '1.00', '1.00', '2022-02-27 00:35:56', '2022-02-27 00:35:56'),
(214, 40, 102, '120', '1.00', '120.00', '2022-02-27 21:21:59', '2022-02-27 21:21:59'),
(215, 40, 103, '100', '1.00', '100.00', '2022-02-27 21:21:59', '2022-02-27 21:21:59'),
(216, 40, 105, '100', '1.00', '100.00', '2022-02-27 21:21:59', '2022-02-27 21:21:59'),
(217, 40, 104, '100', '1.00', '100.00', '2022-02-27 21:21:59', '2022-02-27 21:21:59'),
(218, 40, 106, '100', '1.00', '100.00', '2022-02-27 21:21:59', '2022-02-27 21:21:59'),
(219, 40, 107, '100', '1.00', '100.00', '2022-02-27 21:21:59', '2022-02-27 21:21:59'),
(220, 40, 108, '150', '1.00', '150.00', '2022-02-27 21:21:59', '2022-02-27 21:21:59'),
(221, 40, 109, '100', '1.00', '100.00', '2022-02-27 21:21:59', '2022-02-27 21:21:59'),
(222, 40, 110, '1', '1.00', '1.00', '2022-02-27 21:21:59', '2022-02-27 21:21:59'),
(223, 41, 116, '4', '1.00', '4.00', '2022-02-27 21:27:12', '2022-02-27 21:27:12'),
(224, 41, 111, '150', '1.00', '150.00', '2022-02-27 21:27:12', '2022-02-27 21:27:12'),
(225, 41, 112, '100', '1.00', '100.00', '2022-02-27 21:27:12', '2022-02-27 21:27:12'),
(226, 41, 113, '100', '1.00', '100.00', '2022-02-27 21:27:12', '2022-02-27 21:27:12'),
(227, 41, 114, '20', '1.00', '20.00', '2022-02-27 21:27:12', '2022-02-27 21:27:12'),
(228, 41, 115, '5', '1.00', '5.00', '2022-02-27 21:27:12', '2022-02-27 21:27:12'),
(229, 42, 117, '2', '1.00', '2.00', '2022-02-27 23:20:07', '2022-02-27 23:20:07'),
(230, 42, 118, '2', '1.00', '2.00', '2022-02-27 23:20:07', '2022-02-27 23:20:07'),
(231, 42, 119, '1', '1.00', '1.00', '2022-02-27 23:20:07', '2022-02-27 23:20:07'),
(232, 42, 121, '9', '1.00', '9.00', '2022-02-27 23:20:07', '2022-02-27 23:20:07'),
(233, 42, 120, '2', '1.00', '2.00', '2022-02-27 23:20:07', '2022-02-27 23:20:07'),
(234, 42, 122, '41', '1.00', '41.00', '2022-02-27 23:20:07', '2022-02-27 23:20:07'),
(235, 42, 123, '26', '1.00', '26.00', '2022-02-27 23:20:07', '2022-02-27 23:20:07'),
(236, 42, 124, '4', '1.00', '4.00', '2022-02-27 23:20:07', '2022-02-27 23:20:07'),
(237, 42, 125, '1', '1.00', '1.00', '2022-02-27 23:20:07', '2022-02-27 23:20:07'),
(238, 42, 126, '1', '1.00', '1.00', '2022-02-27 23:20:07', '2022-02-27 23:20:07'),
(239, 42, 127, '2', '1.00', '2.00', '2022-02-27 23:20:07', '2022-02-27 23:20:07'),
(240, 42, 128, '1', '1.00', '1.00', '2022-02-27 23:20:07', '2022-02-27 23:20:07'),
(241, 42, 129, '1', '1.00', '1.00', '2022-02-27 23:20:07', '2022-02-27 23:20:07'),
(242, 42, 130, '1', '1.00', '1.00', '2022-02-27 23:20:08', '2022-02-27 23:20:08'),
(243, 42, 131, '100', '1.00', '100.00', '2022-02-27 23:20:08', '2022-02-27 23:20:08'),
(244, 42, 133, '8', '1.00', '8.00', '2022-02-27 23:20:08', '2022-02-27 23:20:08'),
(245, 42, 132, '17', '1.00', '17.00', '2022-02-27 23:20:08', '2022-02-27 23:20:08'),
(246, 42, 134, '10', '1.00', '10.00', '2022-02-27 23:20:08', '2022-02-27 23:20:08'),
(247, 42, 135, '6', '1.00', '6.00', '2022-02-27 23:20:08', '2022-02-27 23:20:08'),
(248, 42, 136, '2', '1.00', '2.00', '2022-02-27 23:20:08', '2022-02-27 23:20:08'),
(249, 42, 137, '2', '1.00', '2.00', '2022-02-27 23:20:08', '2022-02-27 23:20:08'),
(250, 42, 138, '19', '1.00', '19.00', '2022-02-27 23:20:08', '2022-02-27 23:20:08'),
(251, 42, 139, '2', '1.00', '2.00', '2022-02-27 23:20:08', '2022-02-27 23:20:08'),
(252, 42, 140, '2', '1.00', '2.00', '2022-02-27 23:20:08', '2022-02-27 23:20:08'),
(253, 42, 141, '10', '1.00', '10.00', '2022-02-27 23:20:08', '2022-02-27 23:20:08'),
(254, 42, 142, '1', '1.00', '1.00', '2022-02-27 23:20:08', '2022-02-27 23:20:08'),
(255, 42, 143, '13', '1.00', '13.00', '2022-02-27 23:20:08', '2022-02-27 23:20:08'),
(256, 42, 144, '1', '1.00', '1.00', '2022-02-27 23:20:09', '2022-02-27 23:20:09'),
(257, 42, 145, '3', '1.00', '3.00', '2022-02-27 23:20:09', '2022-02-27 23:20:09'),
(258, 42, 146, '1', '1.00', '1.00', '2022-02-27 23:20:09', '2022-02-27 23:20:09'),
(259, 42, 147, '2', '1.00', '2.00', '2022-02-27 23:20:09', '2022-02-27 23:20:09'),
(260, 42, 148, '2', '1.00', '2.00', '2022-02-27 23:20:09', '2022-02-27 23:20:09'),
(261, 42, 149, '1', '1.00', '1.00', '2022-02-27 23:20:09', '2022-02-27 23:20:09'),
(262, 42, 150, '1', '1.00', '1.00', '2022-02-27 23:20:09', '2022-02-27 23:20:09'),
(263, 42, 151, '1', '1.00', '1.00', '2022-02-27 23:20:09', '2022-02-27 23:20:09'),
(264, 42, 152, '1', '1.00', '1.00', '2022-02-27 23:20:09', '2022-02-27 23:20:09'),
(265, 42, 153, '13', '1.00', '13.00', '2022-02-27 23:20:09', '2022-02-27 23:20:09'),
(266, 42, 154, '1', '1.00', '1.00', '2022-02-27 23:20:09', '2022-02-27 23:20:09'),
(267, 42, 155, '1', '1.00', '1.00', '2022-02-27 23:20:09', '2022-02-27 23:20:09'),
(268, 42, 156, '1', '1.00', '1.00', '2022-02-27 23:20:09', '2022-02-27 23:20:09'),
(269, 42, 157, '1', '1.00', '1.00', '2022-02-27 23:20:09', '2022-02-27 23:20:09'),
(270, 42, 158, '2', '1.00', '2.00', '2022-02-27 23:20:09', '2022-02-27 23:20:09'),
(271, 42, 159, '15', '1.00', '15.00', '2022-02-27 23:20:09', '2022-02-27 23:20:09'),
(272, 42, 160, '1', '1.00', '1.00', '2022-02-27 23:20:09', '2022-02-27 23:20:09'),
(273, 42, 161, '1', '1.00', '1.00', '2022-02-27 23:20:10', '2022-02-27 23:20:10'),
(274, 42, 162, '1', '1.00', '1.00', '2022-02-27 23:20:10', '2022-02-27 23:20:10'),
(275, 42, 163, '32', '1.00', '32.00', '2022-02-27 23:20:10', '2022-02-27 23:20:10'),
(276, 42, 164, '1', '1.00', '1.00', '2022-02-27 23:20:10', '2022-02-27 23:20:10'),
(277, 42, 165, '1', '1.00', '1.00', '2022-02-27 23:20:10', '2022-02-27 23:20:10'),
(278, 43, 151, '2', '1.00', '2.00', '2022-02-27 23:24:23', '2022-02-27 23:24:23'),
(279, 44, 166, '5', '1.00', '5.00', '2022-02-28 00:52:58', '2022-02-28 00:52:58'),
(280, 44, 167, '5', '1.00', '5.00', '2022-02-28 00:52:58', '2022-02-28 00:52:58'),
(281, 44, 169, '14', '1.00', '14.00', '2022-02-28 00:52:59', '2022-02-28 00:52:59'),
(282, 44, 168, '2', '1.00', '2.00', '2022-02-28 00:52:59', '2022-02-28 00:52:59'),
(283, 44, 170, '1', '1.00', '1.00', '2022-02-28 00:52:59', '2022-02-28 00:52:59'),
(284, 44, 171, '2', '1.00', '2.00', '2022-02-28 00:52:59', '2022-02-28 00:52:59'),
(285, 44, 172, '8', '1.00', '8.00', '2022-02-28 00:52:59', '2022-02-28 00:52:59'),
(286, 44, 173, '3', '1.00', '3.00', '2022-02-28 00:52:59', '2022-02-28 00:52:59'),
(287, 44, 174, '1', '1.00', '1.00', '2022-02-28 00:52:59', '2022-02-28 00:52:59'),
(288, 44, 175, '10', '1.00', '10.00', '2022-02-28 00:52:59', '2022-02-28 00:52:59'),
(289, 44, 176, '3', '1.00', '3.00', '2022-02-28 00:52:59', '2022-02-28 00:52:59'),
(290, 44, 177, '1', '1.00', '1.00', '2022-02-28 00:52:59', '2022-02-28 00:52:59'),
(291, 44, 178, '4', '1.00', '4.00', '2022-02-28 00:52:59', '2022-02-28 00:52:59'),
(292, 44, 179, '3', '1.00', '3.00', '2022-02-28 00:52:59', '2022-02-28 00:52:59'),
(293, 44, 180, '1', '1.00', '1.00', '2022-02-28 00:52:59', '2022-02-28 00:52:59'),
(294, 44, 181, '1', '1.00', '1.00', '2022-02-28 00:52:59', '2022-02-28 00:52:59'),
(295, 44, 183, '9', '1.00', '9.00', '2022-02-28 00:52:59', '2022-02-28 00:52:59'),
(296, 44, 182, '9', '1.00', '9.00', '2022-02-28 00:53:00', '2022-02-28 00:53:00'),
(297, 44, 185, '4', '1.00', '4.00', '2022-02-28 00:53:00', '2022-02-28 00:53:00'),
(298, 44, 184, '6', '1.00', '6.00', '2022-02-28 00:53:00', '2022-02-28 00:53:00'),
(299, 44, 186, '1', '1.00', '1.00', '2022-02-28 00:53:00', '2022-02-28 00:53:00'),
(300, 44, 187, '4', '1.00', '4.00', '2022-02-28 00:53:00', '2022-02-28 00:53:00'),
(301, 44, 188, '1', '1.00', '1.00', '2022-02-28 00:53:00', '2022-02-28 00:53:00'),
(302, 44, 189, '5', '1.00', '5.00', '2022-02-28 00:53:00', '2022-02-28 00:53:00'),
(303, 44, 190, '4', '1.00', '4.00', '2022-02-28 00:53:00', '2022-02-28 00:53:00'),
(304, 44, 191, '2', '1.00', '2.00', '2022-02-28 00:53:00', '2022-02-28 00:53:00'),
(305, 44, 192, '4', '1.00', '4.00', '2022-02-28 00:53:00', '2022-02-28 00:53:00'),
(306, 44, 193, '5', '1.00', '5.00', '2022-02-28 00:53:00', '2022-02-28 00:53:00'),
(307, 44, 194, '1', '1.00', '1.00', '2022-02-28 00:53:00', '2022-02-28 00:53:00'),
(308, 44, 195, '2', '1.00', '2.00', '2022-02-28 00:53:00', '2022-02-28 00:53:00'),
(309, 44, 196, '1', '1.00', '1.00', '2022-02-28 00:53:00', '2022-02-28 00:53:00'),
(310, 44, 197, '4', '1.00', '4.00', '2022-02-28 00:53:00', '2022-02-28 00:53:00'),
(311, 44, 198, '2', '1.00', '2.00', '2022-02-28 00:53:00', '2022-02-28 00:53:00'),
(312, 44, 199, '2', '1.00', '2.00', '2022-02-28 00:53:00', '2022-02-28 00:53:00');

-- --------------------------------------------------------

--
-- Table structure for table `purchases_parent_tbl`
--

CREATE TABLE `purchases_parent_tbl` (
  `id` bigint(20) UNSIGNED NOT NULL,
  `created_by` bigint(20) UNSIGNED NOT NULL,
  `purchase_order_no` bigint(20) UNSIGNED NOT NULL,
  `invoice_no` varchar(191) COLLATE utf8mb4_unicode_ci NOT NULL,
  `grand_total` decimal(20,2) NOT NULL,
  `supplier_id` bigint(20) UNSIGNED NOT NULL,
  `buyer_name` varchar(191) COLLATE utf8mb4_unicode_ci NOT NULL,
  `purchase_date` date NOT NULL,
  `created_at` timestamp NULL DEFAULT NULL,
  `updated_at` timestamp NULL DEFAULT NULL
) ENGINE=InnoDB DEFAULT CHARSET=utf8mb4 COLLATE=utf8mb4_unicode_ci;

--
-- Dumping data for table `purchases_parent_tbl`
--

INSERT INTO `purchases_parent_tbl` (`id`, `created_by`, `purchase_order_no`, `invoice_no`, `grand_total`, `supplier_id`, `buyer_name`, `purchase_date`, `created_at`, `updated_at`) VALUES
(1, 1, 1, 'IN-2022022312', '3901.00', 1, 'N/A', '2022-02-01', '2022-02-22 23:57:52', '2022-02-22 23:57:52'),
(2, 1, 1, 'IN-202202231245', '3.00', 1, 'N/a', '2022-02-04', '2022-02-23 00:12:29', '2022-02-23 00:12:29'),
(3, 1, 1, 'IN-202202231224', '30.00', 1, 'N/A', '2022-02-01', '2022-02-23 00:22:01', '2022-02-23 00:22:01'),
(4, 1, 1, 'IN-202202231247', '1.00', 1, 'N/A', '2022-02-01', '2022-02-23 00:26:48', '2022-02-23 00:26:48'),
(5, 1, 1, 'IN-20220234', '7.00', 1, 'N/A', '2022-02-01', '2022-02-23 21:39:07', '2022-02-23 21:39:07'),
(6, 1, 1, 'IN-2022202456', '10.00', 1, 'N/A', '2022-02-01', '2022-02-23 21:48:05', '2022-02-23 21:48:05'),
(7, 1, 1, 'IN-2022240234', '16.00', 1, 'N/A', '2022-02-01', '2022-02-23 21:49:42', '2022-02-23 21:49:42'),
(8, 1, 1, 'IN-2022234356', '2.00', 1, 'N/A', '2022-02-01', '2022-02-23 21:51:06', '2022-02-23 21:51:06'),
(9, 1, 1, '20222344555', '11.00', 1, 'N/A', '2022-02-01', '2022-02-23 22:31:12', '2022-02-23 22:31:12'),
(10, 1, 1, 'IN-2022234555', '14.00', 1, 'N/A', '2022-02-01', '2022-02-23 22:34:15', '2022-02-23 22:34:15'),
(11, 1, 1, 'IN-2022022456', '1.00', 1, 'N/A', '2022-02-01', '2022-02-23 22:36:00', '2022-02-23 22:36:00'),
(12, 1, 1, 'IN-2022232345', '19.00', 1, 'N/A', '2022-02-01', '2022-02-24 00:09:43', '2022-02-24 00:09:43'),
(13, 1, 1, 'IN-2022123455', '10.00', 1, 'N/A', '2022-02-01', '2022-02-24 00:12:55', '2022-02-24 00:12:55'),
(14, 1, 1, 'IN-202273663553', '5.00', 1, 'N/A', '2022-02-01', '2022-02-24 00:29:00', '2022-02-24 00:29:00'),
(15, 1, 1, 'IN-2022232344', '4.00', 1, 'N/A', '2022-02-01', '2022-02-24 00:36:23', '2022-02-24 00:36:23'),
(16, 1, 1, 'IN-399933333', '26.00', 1, 'N/A', '2022-02-01', '2022-02-24 01:02:54', '2022-02-24 01:02:54'),
(17, 1, 1, 'IN-202224233442', '1.00', 1, 'N/A', '2022-02-01', '2022-02-24 01:06:15', '2022-02-24 01:06:15'),
(18, 1, 1, 'IN-3535435344', '1.00', 1, 'N/A', '2022-02-01', '2022-02-24 01:11:47', '2022-02-24 01:11:47'),
(19, 1, 1, 'IN-20029222882', '1.00', 1, 'N/A', '2022-02-02', '2022-02-24 01:15:05', '2022-02-24 01:15:05'),
(20, 1, 1, 'IN-202202260506', '67.00', 1, 'N/A', '2022-02-01', '2022-02-25 23:27:36', '2022-02-25 23:27:36'),
(21, 1, 1, 'IN-202202240569', '118.00', 1, 'N/A', '2022-02-05', '2022-02-25 23:55:46', '2022-02-25 23:55:46'),
(22, 1, 1, 'IN-202204042536', '71.00', 1, 'N/A', '2022-02-01', '2022-02-26 00:40:54', '2022-02-26 00:40:54'),
(23, 1, 1, 'IN-202203020636', '5.00', 1, 'N/A', '2022-02-02', '2022-02-26 00:42:59', '2022-02-26 00:42:59'),
(24, 1, 1, 'IN-202203050632', '29.00', 1, 'N/A', '2022-02-03', '2022-02-26 00:55:24', '2022-02-26 00:55:24'),
(25, 1, 1, 'IN-202202260236', '101.00', 1, 'N/A', '2022-02-01', '2022-02-26 03:18:41', '2022-02-26 03:18:41'),
(26, 1, 1, 'IN-202203020686', '252.00', 1, 'N/A', '2022-02-04', '2022-02-26 03:31:20', '2022-02-26 03:31:20'),
(27, 1, 1, 'IN-202202260226', '86.00', 1, 'N/A', '2022-02-01', '2022-02-26 03:51:33', '2022-02-26 03:51:33'),
(28, 1, 1, 'IN-2022030202525', '244.00', 1, 'N/A', '2022-02-01', '2022-02-26 04:05:08', '2022-02-26 04:05:08'),
(29, 1, 1, 'IN-202202270506', '248.00', 1, 'N/A', '2022-02-01', '2022-02-26 20:55:47', '2022-02-26 20:55:47'),
(30, 1, 1, 'IN-202205060563', '2.00', 1, 'N/A', '2022-02-01', '2022-02-26 21:27:28', '2022-02-26 21:27:28'),
(31, 1, 1, 'IN-20220203252', '2.00', 1, 'N/A', '2022-02-02', '2022-02-26 21:36:40', '2022-02-26 21:36:40'),
(32, 1, 1, 'IN-202201030506', '239.00', 1, 'N/A', '2022-02-01', '2022-02-26 21:55:02', '2022-02-26 21:55:02'),
(33, 1, 1, 'IN-2020250252545', '10.00', 1, 'N/A', '2022-02-01', '2022-02-26 22:14:42', '2022-02-26 22:14:42'),
(34, 1, 1, 'IN-202202060536', '361.00', 1, 'N/A', '2022-02-01', '2022-02-26 22:20:34', '2022-02-26 22:20:34'),
(35, 1, 1, 'IN-20220205063', '85.00', 1, 'N/A', '2022-02-02', '2022-02-27 00:18:06', '2022-02-27 00:18:06'),
(36, 12, 1, 'IN-20220203636', '1.00', 1, 'N/A', '2022-02-01', '2022-02-27 00:21:19', '2022-02-27 00:21:19'),
(37, 1, 1, 'IN-2022050506', '20.00', 1, 'N/A', '2022-02-01', '2022-02-27 00:26:36', '2022-02-27 00:26:36'),
(38, 1, 1, 'IN-2022025525', '12.00', 1, 'N/A', '2022-02-01', '2022-02-27 00:35:01', '2022-02-27 00:35:01'),
(39, 1, 1, 'IN-202202062525', '1.00', 1, 'N/A', '2022-02-01', '2022-02-27 00:35:56', '2022-02-27 00:35:56'),
(40, 1, 1, 'IN-202202069696', '871.00', 1, 'N/A', '2022-02-01', '2022-02-27 21:21:59', '2022-02-27 21:21:59'),
(41, 1, 1, 'IN-202202062925', '379.00', 1, 'N/A', '2022-02-01', '2022-02-27 21:27:12', '2022-02-27 21:27:12'),
(42, 1, 1, 'IN-202202050634', '370.00', 1, 'N/A', '2022-02-01', '2022-02-27 23:20:07', '2022-02-27 23:20:07'),
(43, 1, 1, 'IN-202202280202', '2.00', 1, 'N/A', '2022-02-01', '2022-02-27 23:24:23', '2022-02-27 23:24:23'),
(44, 1, 1, 'IN-202202060503', '130.00', 1, 'N/A', '2022-02-01', '2022-02-28 00:52:58', '2022-02-28 00:52:58');

-- --------------------------------------------------------

--
-- Table structure for table `purchase_order_childs`
--

CREATE TABLE `purchase_order_childs` (
  `id` bigint(20) UNSIGNED NOT NULL,
  `product_id` bigint(20) UNSIGNED NOT NULL,
  `purchase_order_no` bigint(20) UNSIGNED NOT NULL,
  `order_quantity` decimal(15,0) NOT NULL,
  `remark` text COLLATE utf8mb4_unicode_ci NOT NULL,
  `created_at` timestamp NULL DEFAULT NULL,
  `updated_at` timestamp NULL DEFAULT NULL
) ENGINE=InnoDB DEFAULT CHARSET=utf8mb4 COLLATE=utf8mb4_unicode_ci;

-- --------------------------------------------------------

--
-- Table structure for table `purchase_order_parents`
--

CREATE TABLE `purchase_order_parents` (
  `id` bigint(20) UNSIGNED NOT NULL,
  `prepared_by` bigint(20) UNSIGNED NOT NULL,
  `purchase_order_no` varchar(191) COLLATE utf8mb4_unicode_ci NOT NULL,
  `order_by` varchar(191) COLLATE utf8mb4_unicode_ci NOT NULL,
  `department` varchar(191) COLLATE utf8mb4_unicode_ci NOT NULL,
  `head_of_department` varchar(191) COLLATE utf8mb4_unicode_ci NOT NULL,
  `it_department` varchar(191) COLLATE utf8mb4_unicode_ci NOT NULL,
  `approved_by` varchar(191) COLLATE utf8mb4_unicode_ci NOT NULL,
  `ordered_date` date NOT NULL,
  `created_at` timestamp NULL DEFAULT NULL,
  `updated_at` timestamp NULL DEFAULT NULL
) ENGINE=InnoDB DEFAULT CHARSET=utf8mb4 COLLATE=utf8mb4_unicode_ci;

--
-- Dumping data for table `purchase_order_parents`
--

INSERT INTO `purchase_order_parents` (`id`, `prepared_by`, `purchase_order_no`, `order_by`, `department`, `head_of_department`, `it_department`, `approved_by`, `ordered_date`, `created_at`, `updated_at`) VALUES
(1, 1, 'N/A', '1', 'IT', '1', '2', '3', '2022-01-19', NULL, NULL);

-- --------------------------------------------------------

--
-- Table structure for table `requisition_childs`
--

CREATE TABLE `requisition_childs` (
  `id` bigint(20) UNSIGNED NOT NULL,
  `product_id` bigint(20) UNSIGNED NOT NULL,
  `requisition_parent_id` bigint(20) UNSIGNED NOT NULL,
  `requisition_quantity` decimal(15,0) NOT NULL,
  `delivered_quantity` decimal(15,0) NOT NULL DEFAULT 0,
  `return_quantity` decimal(15,0) NOT NULL DEFAULT 0,
  `damage_quantity` decimal(15,0) NOT NULL DEFAULT 0,
  `purpose` text COLLATE utf8mb4_unicode_ci DEFAULT NULL,
  `status` enum('1','2','3','4','5','6','7','8') COLLATE utf8mb4_unicode_ci NOT NULL,
  `created_at` timestamp NULL DEFAULT NULL,
  `updated_at` timestamp NULL DEFAULT NULL
) ENGINE=InnoDB DEFAULT CHARSET=utf8mb4 COLLATE=utf8mb4_unicode_ci;

--
-- Dumping data for table `requisition_childs`
--

INSERT INTO `requisition_childs` (`id`, `product_id`, `requisition_parent_id`, `requisition_quantity`, `delivered_quantity`, `return_quantity`, `damage_quantity`, `purpose`, `status`, `created_at`, `updated_at`) VALUES
(1, 5, 1, '8', '8', '0', '0', 'For library', '4', '2022-02-23 00:12:43', '2022-02-23 00:39:11'),
(2, 8, 1, '7', '7', '0', '0', 'For library', '4', '2022-02-23 00:12:43', '2022-02-23 00:39:11'),
(3, 9, 1, '2', '2', '0', '0', 'For library', '4', '2022-02-23 00:12:43', '2022-02-23 00:39:11'),
(4, 10, 1, '1', '1', '0', '0', 'For library', '4', '2022-02-23 00:12:43', '2022-02-23 00:39:12'),
(5, 11, 1, '1', '1', '0', '0', 'For library', '4', '2022-02-23 00:12:43', '2022-02-23 00:39:12'),
(6, 12, 1, '15', '15', '0', '0', 'For library', '4', '2022-02-23 00:12:43', '2022-02-23 00:39:12'),
(7, 13, 1, '10', '10', '0', '0', 'For library', '4', '2022-02-23 00:12:43', '2022-02-23 00:39:12'),
(8, 30, 2, '3', '3', '0', '0', 'For Library', '4', '2022-02-23 00:27:01', '2022-02-23 00:38:57'),
(9, 15, 2, '1', '1', '0', '0', 'For Library', '4', '2022-02-23 00:27:01', '2022-02-23 00:38:57'),
(10, 31, 2, '3', '3', '0', '0', 'For Library', '4', '2022-02-23 00:27:01', '2022-02-23 00:38:57'),
(11, 16, 2, '1', '1', '0', '0', 'For Library', '4', '2022-02-23 00:27:01', '2022-02-23 00:38:57'),
(12, 17, 2, '11', '11', '0', '0', 'For Library', '4', '2022-02-23 00:27:01', '2022-02-23 00:38:58'),
(13, 18, 2, '1', '1', '0', '0', 'For Library', '4', '2022-02-23 00:27:01', '2022-02-23 00:38:58'),
(14, 19, 2, '3826', '3826', '0', '0', 'For Library', '4', '2022-02-23 00:27:01', '2022-02-23 00:38:58'),
(15, 20, 2, '2', '2', '0', '0', 'For Library', '4', '2022-02-23 00:27:01', '2022-02-23 00:38:58'),
(16, 21, 2, '1', '1', '0', '0', 'For Library', '4', '2022-02-23 00:27:01', '2022-02-23 00:38:58'),
(17, 22, 2, '1', '1', '0', '0', 'For Library', '4', '2022-02-23 00:27:01', '2022-02-23 00:38:58'),
(18, 23, 2, '1', '1', '0', '0', 'For Library', '4', '2022-02-23 00:27:01', '2022-02-23 00:38:58'),
(19, 25, 2, '1', '1', '0', '0', 'For Library', '4', '2022-02-23 00:27:01', '2022-02-23 00:38:59'),
(20, 26, 2, '1', '1', '0', '0', 'For Library', '4', '2022-02-23 00:27:01', '2022-02-23 00:38:59'),
(21, 27, 2, '1', '1', '0', '0', 'For Library', '4', '2022-02-23 00:27:01', '2022-02-23 00:38:59'),
(22, 28, 3, '2', '2', '0', '0', 'For Library', '4', '2022-02-23 00:27:48', '2022-02-23 00:38:32'),
(23, 6, 3, '1', '1', '0', '0', 'For Library', '4', '2022-02-23 00:27:48', '2022-02-23 00:38:32'),
(24, 29, 3, '1', '1', '0', '0', 'For Library', '4', '2022-02-23 00:27:48', '2022-02-23 00:38:32'),
(25, 14, 4, '1', '1', '0', '0', 'For Library', '4', '2022-02-23 00:57:52', '2022-02-23 00:58:17'),
(26, 5, 5, '2', '2', '0', '0', 'For Sport and Outdoor', '4', '2022-02-23 21:59:20', '2022-02-23 22:13:41'),
(27, 32, 5, '4', '4', '0', '0', 'For Sport and Outdoor', '4', '2022-02-23 21:59:20', '2022-02-23 22:13:41'),
(28, 11, 5, '1', '1', '0', '0', 'For Office', '4', '2022-02-23 21:59:20', '2022-02-23 22:13:41'),
(29, 37, 5, '2', '2', '0', '0', 'For Sport and Outdoor', '4', '2022-02-23 21:59:20', '2022-02-23 22:13:41'),
(30, 34, 5, '2', '2', '0', '0', 'For Sport and Outdoor', '4', '2022-02-23 21:59:20', '2022-02-23 22:13:41'),
(31, 13, 5, '6', '6', '0', '0', 'For Sport and Outdoor', '4', '2022-02-23 21:59:20', '2022-02-23 22:13:41'),
(32, 40, 5, '1', '1', '0', '0', 'For Sport and Outdoor', '4', '2022-02-23 21:59:20', '2022-02-23 22:13:42'),
(33, 35, 5, '4', '4', '0', '0', 'For Sport and Outdoor', '4', '2022-02-23 21:59:20', '2022-02-23 22:13:42'),
(34, 36, 5, '5', '5', '0', '0', 'For Sport and Outdoor', '4', '2022-02-23 21:59:20', '2022-02-23 22:13:42'),
(35, 33, 5, '2', '2', '0', '0', 'For Sport and Outdoor', '4', '2022-02-23 21:59:20', '2022-02-23 22:13:42'),
(36, 38, 5, '4', '4', '0', '0', 'For Sport and Outdoor', '4', '2022-02-23 21:59:20', '2022-02-23 22:13:42'),
(37, 39, 5, '2', '2', '0', '0', 'For Sport and Outdoor', '4', '2022-02-23 21:59:20', '2022-02-23 22:13:42'),
(38, 41, 6, '1', '1', '0', '0', 'For Hone Science Lab', '4', '2022-02-23 23:12:23', '2022-02-23 23:14:53'),
(39, 42, 6, '5', '5', '0', '0', 'For Hone Science Lab', '4', '2022-02-23 23:12:23', '2022-02-23 23:14:53'),
(40, 12, 6, '1', '1', '0', '0', 'For Hone Science Lab', '4', '2022-02-23 23:12:23', '2022-02-23 23:14:53'),
(41, 49, 6, '3', '3', '0', '0', 'For Hone Science Lab', '4', '2022-02-23 23:12:23', '2022-02-23 23:14:53'),
(42, 50, 6, '1', '1', '0', '0', 'For Hone Science Lab', '4', '2022-02-23 23:12:23', '2022-02-23 23:14:53'),
(43, 51, 6, '1', '1', '0', '0', 'For Hone Science Lab', '4', '2022-02-23 23:12:23', '2022-02-23 23:14:53'),
(44, 43, 6, '1', '1', '0', '0', 'For Hone Science Lab', '4', '2022-02-23 23:12:23', '2022-02-23 23:14:53'),
(45, 44, 6, '2', '2', '0', '0', 'For Hone Science Lab', '4', '2022-02-23 23:12:23', '2022-02-23 23:14:54'),
(46, 45, 6, '1', '1', '0', '0', 'For Hone Science Lab', '4', '2022-02-23 23:12:23', '2022-02-23 23:14:54'),
(47, 52, 6, '1', '1', '0', '0', 'For Hone Science Lab', '4', '2022-02-23 23:12:23', '2022-02-23 23:14:54'),
(48, 5, 6, '1', '1', '0', '0', 'For Hone Science Lab', '4', '2022-02-23 23:12:23', '2022-02-23 23:14:54'),
(49, 48, 6, '1', '1', '0', '0', 'For Hone Science Lab', '4', '2022-02-23 23:12:23', '2022-02-23 23:14:54'),
(50, 53, 7, '1', '1', '0', '0', 'For Office', '4', '2022-02-24 00:24:41', '2022-02-24 00:38:07'),
(51, 3, 7, '1', '1', '0', '0', 'For Office', '4', '2022-02-24 00:24:41', '2022-02-24 00:38:07'),
(52, 54, 7, '1', '1', '0', '0', 'For Office', '4', '2022-02-24 00:24:41', '2022-02-24 00:38:07'),
(53, 55, 7, '4', '4', '0', '0', 'For Office', '4', '2022-02-24 00:24:41', '2022-02-24 00:38:07'),
(54, 56, 7, '1', '1', '0', '0', 'For Office', '4', '2022-02-24 00:24:41', '2022-02-24 00:38:07'),
(55, 57, 7, '2', '2', '0', '0', 'For Office', '4', '2022-02-24 00:24:41', '2022-02-24 00:38:07'),
(56, 58, 7, '1', '1', '0', '0', 'For Office', '4', '2022-02-24 00:24:41', '2022-02-24 00:38:08'),
(57, 59, 7, '1', '1', '0', '0', 'For Office', '4', '2022-02-24 00:24:41', '2022-02-24 00:38:08'),
(58, 60, 7, '1', '1', '0', '0', 'For Office', '4', '2022-02-24 00:24:41', '2022-02-24 00:38:08'),
(59, 64, 7, '1', '1', '0', '0', 'For Office', '4', '2022-02-24 00:24:41', '2022-02-24 00:38:08'),
(60, 62, 7, '1', '1', '0', '0', 'For Office', '4', '2022-02-24 00:24:41', '2022-02-24 00:38:08'),
(61, 61, 7, '1', '1', '0', '0', 'For Office', '4', '2022-02-24 00:24:42', '2022-02-24 00:38:08'),
(62, 11, 7, '2', '2', '0', '0', 'For Office', '4', '2022-02-24 00:24:42', '2022-02-24 00:38:08'),
(63, 63, 7, '4', '4', '0', '0', 'For Office', '4', '2022-02-24 00:24:42', '2022-02-24 00:38:09'),
(64, 12, 7, '2', '2', '0', '0', 'For Office', '4', '2022-02-24 00:24:42', '2022-02-24 00:38:09'),
(65, 5, 8, '1', '1', '0', '0', 'For Office', '4', '2022-02-24 00:37:10', '2022-02-24 00:38:18'),
(66, 66, 8, '3', '3', '0', '0', 'LED Energy Bulb', '4', '2022-02-24 00:37:10', '2022-02-24 00:38:18'),
(67, 15, 9, '1', '1', '0', '0', 'For Finger Attendance', '4', '2022-02-24 01:11:11', '2022-02-24 01:16:25'),
(68, 65, 9, '1', '1', '0', '0', 'For Office', '4', '2022-02-24 01:11:11', '2022-02-24 01:16:25'),
(69, 5, 9, '1', '1', '0', '0', 'For Office', '4', '2022-02-24 01:11:12', '2022-02-24 01:16:25'),
(70, 66, 9, '1', '1', '0', '0', 'For Office', '4', '2022-02-24 01:11:12', '2022-02-24 01:16:25'),
(71, 11, 9, '1', '1', '0', '0', 'For Office', '4', '2022-02-24 01:11:12', '2022-02-24 01:16:25'),
(72, 69, 9, '1', '1', '0', '0', 'For Office', '4', '2022-02-24 01:11:12', '2022-02-24 01:16:25'),
(73, 71, 9, '1', '1', '0', '0', 'For Office', '4', '2022-02-24 01:11:12', '2022-02-24 01:16:26'),
(74, 63, 9, '3', '3', '0', '0', 'For Office', '4', '2022-02-24 01:11:12', '2022-02-24 01:16:26'),
(75, 70, 10, '1', '1', '0', '0', 'For Office', '4', '2022-02-24 01:12:04', '2022-02-24 01:16:13'),
(76, 67, 11, '1', '1', '0', '0', 'For Academic', '4', '2022-02-24 01:15:37', '2022-02-24 01:16:07'),
(77, 72, 12, '4', '4', '0', '0', 'For Art and Craft', '4', '2022-02-25 23:42:43', '2022-02-26 00:01:30'),
(78, 11, 12, '2', '2', '0', '0', 'For Art and Craft', '4', '2022-02-25 23:42:43', '2022-02-26 00:01:30'),
(79, 12, 12, '36', '36', '0', '0', 'For Art and Craft', '4', '2022-02-25 23:42:44', '2022-02-26 00:01:30'),
(80, 73, 12, '4', '4', '0', '0', 'For Art and Craft', '4', '2022-02-25 23:42:44', '2022-02-26 00:01:30'),
(81, 74, 12, '7', '7', '0', '0', 'For Art and Craft', '4', '2022-02-25 23:42:44', '2022-02-26 00:01:30'),
(82, 5, 12, '8', '8', '0', '0', 'For Art and Craft', '4', '2022-02-25 23:42:44', '2022-02-26 00:01:30'),
(83, 8, 12, '6', '6', '0', '0', 'For Art and Craft', '4', '2022-02-25 23:42:44', '2022-02-26 00:01:31'),
(84, 75, 13, '3', '3', '0', '0', 'For Art and Craft', '4', '2022-02-25 23:58:01', '2022-02-26 00:01:48'),
(85, 86, 13, '1', '1', '0', '0', 'For Art and Craft', '4', '2022-02-25 23:58:01', '2022-02-26 00:01:48'),
(86, 76, 13, '6', '6', '0', '0', 'For Art and Craft', '4', '2022-02-25 23:58:01', '2022-02-26 00:01:48'),
(87, 78, 13, '30', '30', '0', '0', 'For Art and Craft', '4', '2022-02-25 23:58:01', '2022-02-26 00:01:48'),
(88, 79, 13, '19', '19', '0', '0', 'For Art and Craft', '4', '2022-02-25 23:58:02', '2022-02-26 00:01:49'),
(89, 80, 13, '28', '28', '0', '0', 'For Art and Craft', '4', '2022-02-25 23:58:02', '2022-02-26 00:01:49'),
(90, 81, 14, '5', '5', '0', '0', 'For Art and Craft', '4', '2022-02-25 23:59:37', '2022-02-26 00:02:02'),
(91, 82, 14, '15', '15', '0', '0', 'For Art and Craft', '4', '2022-02-25 23:59:37', '2022-02-26 00:02:02'),
(92, 83, 14, '2', '2', '0', '0', 'For Art and Craft', '4', '2022-02-25 23:59:37', '2022-02-26 00:02:02'),
(93, 84, 14, '4', '4', '0', '0', 'For Art and Craft', '4', '2022-02-25 23:59:37', '2022-02-26 00:02:02'),
(94, 85, 14, '1', '1', '0', '0', 'For Art and Craft', '4', '2022-02-25 23:59:37', '2022-02-26 00:02:02'),
(95, 72, 15, '20', '20', '0', '0', 'For Nursery', '4', '2022-02-26 01:00:19', '2022-02-26 03:27:01'),
(96, 88, 15, '40', '40', '0', '0', 'For Nursery', '4', '2022-02-26 01:00:19', '2022-02-26 03:27:01'),
(97, 5, 15, '6', '6', '0', '0', 'For Nursery', '4', '2022-02-26 01:00:19', '2022-02-26 03:27:02'),
(98, 8, 15, '4', '4', '0', '0', 'For Nursery', '4', '2022-02-26 01:00:19', '2022-02-26 03:31:44'),
(99, 56, 15, '1', '1', '0', '0', 'For Nursery', '4', '2022-02-26 01:00:19', '2022-02-26 03:31:44'),
(100, 90, 15, '2', '2', '0', '0', 'For Nursery', '4', '2022-02-26 01:00:19', '2022-02-26 03:44:55'),
(101, 87, 15, '2', '2', '0', '0', 'For Nursery', '4', '2022-02-26 01:00:19', '2022-02-26 03:32:38'),
(102, 89, 15, '2', '2', '0', '0', 'For Nursery', '4', '2022-02-26 01:00:19', '2022-02-26 03:32:38'),
(103, 91, 15, '1', '1', '0', '0', 'For Nursery', '4', '2022-02-26 01:00:19', '2022-02-26 03:32:38'),
(104, 92, 15, '1', '1', '0', '0', 'For Nursery', '4', '2022-02-26 01:00:19', '2022-02-26 03:32:38'),
(105, 93, 15, '1', '1', '0', '0', 'For Nursery', '4', '2022-02-26 01:00:19', '2022-02-26 03:32:38'),
(106, 94, 15, '1', '1', '0', '0', 'For Nursery', '4', '2022-02-26 01:00:19', '2022-02-26 03:32:38'),
(107, 95, 15, '1', '1', '0', '0', 'For Nursery', '4', '2022-02-26 01:00:19', '2022-02-26 03:32:39'),
(108, 72, 16, '40', '40', '0', '0', 'For KG', '4', '2022-02-26 03:24:05', '2022-02-26 03:26:34'),
(109, 88, 16, '40', '40', '0', '0', 'For KG', '4', '2022-02-26 03:24:05', '2022-02-26 03:26:34'),
(110, 5, 16, '6', '6', '0', '0', 'For KG', '4', '2022-02-26 03:24:05', '2022-02-26 03:26:34'),
(111, 8, 16, '4', '4', '0', '0', 'For KG', '4', '2022-02-26 03:24:05', '2022-02-26 03:26:34'),
(112, 56, 16, '1', '1', '0', '0', 'For KG', '4', '2022-02-26 03:24:05', '2022-02-26 03:26:34'),
(113, 90, 16, '2', '2', '0', '0', 'For KG', '4', '2022-02-26 03:24:05', '2022-02-26 03:26:35'),
(114, 89, 16, '2', '2', '0', '0', 'For KG', '4', '2022-02-26 03:24:05', '2022-02-26 03:26:35'),
(115, 87, 16, '2', '2', '0', '0', 'For KG', '4', '2022-02-26 03:24:05', '2022-02-26 03:26:35'),
(116, 91, 16, '1', '1', '0', '0', 'For KG', '4', '2022-02-26 03:24:05', '2022-02-26 03:26:35'),
(117, 92, 16, '1', '1', '0', '0', 'For KG', '4', '2022-02-26 03:24:05', '2022-02-26 03:26:35'),
(118, 93, 16, '1', '1', '0', '0', 'For KG', '4', '2022-02-26 03:24:05', '2022-02-26 03:26:35'),
(119, 94, 16, '1', '1', '0', '0', 'For KG', '4', '2022-02-26 03:24:05', '2022-02-26 03:26:35'),
(120, 95, 16, '1', '1', '0', '0', 'For KG', '4', '2022-02-26 03:24:05', '2022-02-26 03:26:36'),
(121, 72, 17, '25', '25', '0', '0', 'For Class One', '4', '2022-02-26 03:37:27', '2022-02-26 03:44:26'),
(122, 88, 17, '25', '25', '0', '0', 'For Class One', '4', '2022-02-26 03:37:27', '2022-02-26 03:44:26'),
(123, 5, 17, '3', '3', '0', '0', 'For Class One', '4', '2022-02-26 03:37:27', '2022-02-26 03:44:26'),
(124, 8, 17, '2', '2', '0', '0', 'For Class One', '4', '2022-02-26 03:37:27', '2022-02-26 03:44:26'),
(125, 91, 17, '1', '1', '0', '0', 'For Class One', '4', '2022-02-26 03:37:27', '2022-02-26 03:44:26'),
(126, 92, 17, '1', '1', '0', '0', 'For Class One', '4', '2022-02-26 03:37:27', '2022-02-26 03:44:27'),
(127, 87, 17, '1', '1', '0', '0', 'For Class One', '4', '2022-02-26 03:37:27', '2022-02-26 03:44:27'),
(128, 89, 17, '1', '1', '0', '0', 'For Class One', '4', '2022-02-26 03:37:27', '2022-02-26 03:44:27'),
(129, 90, 18, '1', '1', '0', '0', 'For class one', '4', '2022-02-26 03:43:05', '2022-02-26 03:44:34'),
(130, 93, 18, '1', '1', '0', '0', 'For class one', '4', '2022-02-26 03:43:05', '2022-02-26 03:44:34'),
(131, 95, 18, '1', '1', '0', '0', 'For class one', '4', '2022-02-26 03:43:05', '2022-02-26 03:44:34'),
(132, 72, 19, '25', '25', '0', '0', 'For class one (B section)', '4', '2022-02-26 03:53:46', '2022-02-26 03:55:23'),
(133, 88, 19, '25', '25', '0', '0', 'For class one (B section)', '4', '2022-02-26 03:53:46', '2022-02-26 03:55:23'),
(134, 5, 19, '3', '3', '0', '0', 'For class one (B section)', '4', '2022-02-26 03:53:46', '2022-02-26 03:55:23'),
(135, 66, 19, '2', '2', '0', '0', 'For class one (B section)', '4', '2022-02-26 03:53:46', '2022-02-26 03:55:24'),
(136, 91, 19, '1', '1', '0', '0', 'For class one (B section)', '4', '2022-02-26 03:53:46', '2022-02-26 03:55:24'),
(137, 92, 19, '1', '1', '0', '0', 'For class one (B section)', '4', '2022-02-26 03:53:46', '2022-02-26 03:55:24'),
(138, 87, 19, '1', '1', '0', '0', 'For class one (B section)', '4', '2022-02-26 03:53:46', '2022-02-26 03:55:24'),
(139, 89, 19, '1', '1', '0', '0', 'For class one (B section)', '4', '2022-02-26 03:53:46', '2022-02-26 03:55:24'),
(140, 55, 19, '1', '1', '0', '0', 'For class one (B section)', '4', '2022-02-26 03:53:47', '2022-02-26 03:55:24'),
(141, 93, 19, '1', '1', '0', '0', 'For class one (B section)', '4', '2022-02-26 03:53:47', '2022-02-26 03:55:24'),
(142, 95, 19, '1', '1', '0', '0', 'For class one (B section)', '4', '2022-02-26 03:53:47', '2022-02-26 03:55:24'),
(143, 72, 20, '25', '25', '0', '0', 'For Class Two (Section A)', '4', '2022-02-26 04:11:23', '2022-02-26 04:12:31'),
(144, 88, 20, '25', '25', '0', '0', 'For Class Two (Section A)', '4', '2022-02-26 04:11:23', '2022-02-26 04:12:31'),
(145, 5, 20, '3', '3', '0', '0', 'For Class Two (Section A)', '4', '2022-02-26 04:11:24', '2022-02-26 04:12:31'),
(146, 8, 20, '2', '2', '0', '0', 'For Class Two (Section A)', '4', '2022-02-26 04:11:24', '2022-02-26 04:12:31'),
(147, 91, 20, '1', '1', '0', '0', 'For Class Two (Section A)', '4', '2022-02-26 04:11:24', '2022-02-26 04:12:31'),
(148, 92, 20, '1', '1', '0', '0', 'For Class Two (Section A)', '4', '2022-02-26 04:11:24', '2022-02-26 04:12:31'),
(149, 87, 20, '1', '1', '0', '0', 'For Class Two (Section A)', '4', '2022-02-26 04:11:24', '2022-02-26 04:12:32'),
(150, 89, 20, '1', '1', '0', '0', 'For Class Two (Section A)', '4', '2022-02-26 04:11:24', '2022-02-26 04:12:32'),
(151, 93, 20, '1', '1', '0', '0', 'For Class Two (Section A)', '4', '2022-02-26 04:11:24', '2022-02-26 04:12:32'),
(152, 90, 20, '1', '1', '0', '0', 'For Class Two (Section A)', '4', '2022-02-26 04:11:24', '2022-02-26 04:12:32'),
(153, 95, 20, '1', '1', '0', '0', 'For Class Two (Section A)', '4', '2022-02-26 04:11:24', '2022-02-26 04:12:32'),
(154, 72, 21, '25', '25', '0', '0', 'For Class Two (Section B)', '4', '2022-02-26 04:26:42', '2022-02-26 04:34:41'),
(155, 88, 21, '25', '25', '0', '0', 'For Class Two (Section B)', '4', '2022-02-26 04:26:42', '2022-02-26 04:34:41'),
(156, 5, 21, '3', '3', '0', '0', 'For Class Two (Section B)', '4', '2022-02-26 04:26:42', '2022-02-26 04:34:42'),
(157, 8, 21, '2', '2', '0', '0', 'For Class Two (Section B)', '4', '2022-02-26 04:26:42', '2022-02-26 04:34:42'),
(158, 91, 21, '1', '1', '0', '0', 'For Class Two (Section B)', '4', '2022-02-26 04:26:42', '2022-02-26 04:34:42'),
(159, 92, 21, '1', '1', '0', '0', 'For Class Two (Section B)', '4', '2022-02-26 04:26:42', '2022-02-26 04:34:42'),
(160, 87, 21, '1', '1', '0', '0', 'For Class Two (Section B)', '4', '2022-02-26 04:26:42', '2022-02-26 04:34:42'),
(161, 89, 21, '1', '1', '0', '0', 'For Class Two (Section B)', '4', '2022-02-26 04:26:42', '2022-02-26 04:34:42'),
(162, 93, 21, '1', '1', '0', '0', 'For Class Two (Section B)', '4', '2022-02-26 04:26:42', '2022-02-26 04:34:42'),
(163, 90, 21, '1', '1', '0', '0', 'For Class Two (Section B)', '4', '2022-02-26 04:26:42', '2022-02-26 04:34:43'),
(164, 95, 21, '1', '1', '0', '0', 'For Class Two (Section B)', '4', '2022-02-26 04:26:42', '2022-02-26 04:34:43'),
(165, 72, 22, '25', '25', '0', '0', 'For Class Three (Section A)', '4', '2022-02-26 04:28:48', '2022-02-26 04:34:22'),
(166, 88, 22, '25', '25', '0', '0', 'For Class Three (Section A)', '4', '2022-02-26 04:28:48', '2022-02-26 04:34:22'),
(167, 5, 22, '3', '3', '0', '0', 'For Class Three (Section A)', '4', '2022-02-26 04:28:48', '2022-02-26 04:34:22'),
(168, 8, 22, '2', '2', '0', '0', 'For Class Three (Section A)', '4', '2022-02-26 04:28:49', '2022-02-26 04:34:22'),
(169, 91, 22, '1', '1', '0', '0', 'For Class Three (Section A)', '4', '2022-02-26 04:28:49', '2022-02-26 04:34:23'),
(170, 92, 22, '1', '1', '0', '0', 'For Class Three (Section A)', '4', '2022-02-26 04:28:49', '2022-02-26 04:34:23'),
(171, 87, 22, '1', '1', '0', '0', 'For Class Three (Section A)', '4', '2022-02-26 04:28:49', '2022-02-26 04:34:23'),
(172, 89, 22, '1', '1', '0', '0', 'For Class Three (Section A)', '4', '2022-02-26 04:28:49', '2022-02-26 04:34:23'),
(173, 93, 22, '1', '1', '0', '0', 'For Class Three (Section A)', '4', '2022-02-26 04:28:49', '2022-02-26 04:34:23'),
(174, 90, 22, '1', '1', '0', '0', 'For Class Three (Section A)', '4', '2022-02-26 04:28:49', '2022-02-26 04:34:23'),
(175, 95, 22, '1', '1', '0', '0', 'For Class Three (Section A)', '4', '2022-02-26 04:28:49', '2022-02-26 04:34:24'),
(176, 72, 23, '25', '25', '0', '0', 'For class three (Section B)', '4', '2022-02-26 04:32:44', '2022-02-26 04:33:57'),
(177, 88, 23, '25', '25', '0', '0', 'For class three (Section B)', '4', '2022-02-26 04:32:44', '2022-02-26 04:33:57'),
(178, 5, 23, '3', '3', '0', '0', 'For class three (Section B)', '4', '2022-02-26 04:32:44', '2022-02-26 04:33:57'),
(179, 8, 23, '2', '2', '0', '0', 'For class three (Section B)', '4', '2022-02-26 04:32:44', '2022-02-26 04:33:57'),
(180, 91, 23, '1', '1', '0', '0', 'For class three (Section B)', '4', '2022-02-26 04:32:44', '2022-02-26 04:33:58'),
(181, 92, 23, '1', '1', '0', '0', 'For class three (Section B)', '4', '2022-02-26 04:32:44', '2022-02-26 04:33:58'),
(182, 87, 23, '1', '1', '0', '0', 'For class three (Section B)', '4', '2022-02-26 04:32:44', '2022-02-26 04:33:58'),
(183, 89, 23, '1', '1', '0', '0', 'For class three (Section B)', '4', '2022-02-26 04:32:44', '2022-02-26 04:33:58'),
(184, 93, 23, '1', '1', '0', '0', 'For class three (Section B)', '4', '2022-02-26 04:32:44', '2022-02-26 04:33:58'),
(185, 90, 23, '1', '1', '0', '0', 'For class three (Section B)', '4', '2022-02-26 04:32:44', '2022-02-26 04:33:58'),
(186, 95, 23, '1', '1', '0', '0', 'For class three (Section B)', '4', '2022-02-26 04:32:44', '2022-02-26 04:33:58'),
(187, 72, 24, '25', '25', '0', '0', 'For Class Four (Section A)', '4', '2022-02-26 21:06:13', '2022-02-26 21:33:51'),
(188, 88, 24, '25', '25', '0', '0', 'For Class Four (Section A)', '4', '2022-02-26 21:06:14', '2022-02-26 21:33:51'),
(189, 5, 24, '3', '3', '0', '0', 'For Class Four (Section A)', '4', '2022-02-26 21:06:14', '2022-02-26 21:33:51'),
(190, 8, 24, '2', '2', '0', '0', 'For Class Four (Section A)', '4', '2022-02-26 21:06:14', '2022-02-26 21:37:35'),
(191, 91, 24, '1', '1', '0', '0', 'For Class Four (Section A)', '4', '2022-02-26 21:06:14', '2022-02-26 21:34:46'),
(192, 92, 24, '1', '1', '0', '0', 'For Class Four (Section A)', '4', '2022-02-26 21:06:14', '2022-02-26 21:34:46'),
(193, 89, 24, '1', '1', '0', '0', 'For Class Four (Section A)', '4', '2022-02-26 21:06:14', '2022-02-26 21:34:46'),
(194, 87, 24, '1', '1', '0', '0', 'For Class Four (Section A)', '4', '2022-02-26 21:06:14', '2022-02-26 21:34:46'),
(195, 93, 24, '1', '1', '0', '0', 'For Class Four (Section A)', '4', '2022-02-26 21:06:14', '2022-02-26 21:34:46'),
(196, 90, 24, '1', '1', '0', '0', 'For Class Four (Section A)', '4', '2022-02-26 21:06:14', '2022-02-26 21:34:46'),
(197, 95, 24, '1', '1', '0', '0', 'For Class Four (Section A)', '4', '2022-02-26 21:06:14', '2022-02-26 21:34:46'),
(198, 72, 25, '25', '25', '0', '0', 'For Class Four (Section B)', '4', '2022-02-26 21:13:53', '2022-02-26 21:33:20'),
(199, 88, 25, '25', '25', '0', '0', 'For Class Four (Section B)', '4', '2022-02-26 21:13:53', '2022-02-26 21:33:20'),
(200, 5, 25, '3', '3', '0', '0', 'For Class Four (Section B)', '4', '2022-02-26 21:13:53', '2022-02-26 21:33:20'),
(201, 8, 25, '2', '2', '0', '0', 'For Class Four (Section B)', '4', '2022-02-26 21:13:54', '2022-02-26 21:33:21'),
(202, 91, 25, '1', '1', '0', '0', 'For Class Four (Section B)', '4', '2022-02-26 21:13:54', '2022-02-26 21:33:21'),
(203, 92, 25, '1', '1', '0', '0', 'For Class Four (Section B)', '4', '2022-02-26 21:13:54', '2022-02-26 21:33:21'),
(204, 87, 25, '1', '1', '0', '0', 'For Class Four (Section B)', '4', '2022-02-26 21:13:54', '2022-02-26 21:33:21'),
(205, 89, 25, '1', '1', '0', '0', 'For Class Four (Section B)', '4', '2022-02-26 21:13:54', '2022-02-26 21:33:21'),
(206, 93, 25, '1', '1', '0', '0', 'For Class Four (Section B)', '4', '2022-02-26 21:13:54', '2022-02-26 21:33:22'),
(207, 90, 25, '1', '1', '0', '0', 'For Class Four (Section B)', '4', '2022-02-26 21:13:54', '2022-02-26 21:33:22'),
(208, 95, 25, '1', '1', '0', '0', 'For Class Four (Section B)', '4', '2022-02-26 21:13:54', '2022-02-26 21:33:22'),
(209, 72, 26, '25', '25', '0', '0', 'For Class Five (Section A)', '4', '2022-02-26 21:18:55', '2022-02-26 21:33:03'),
(210, 88, 26, '25', '25', '0', '0', 'For Class Five (Section A)', '4', '2022-02-26 21:18:55', '2022-02-26 21:33:03'),
(211, 5, 26, '2', '2', '0', '0', 'For Class Five (Section A)', '4', '2022-02-26 21:18:56', '2022-02-26 21:33:03'),
(212, 8, 26, '3', '3', '0', '0', 'For Class Five (Section A)', '4', '2022-02-26 21:18:56', '2022-02-26 21:33:03'),
(213, 91, 26, '1', '1', '0', '0', 'For Class Five (Section A)', '4', '2022-02-26 21:18:56', '2022-02-26 21:33:03'),
(214, 92, 26, '1', '1', '0', '0', 'For Class Five (Section A)', '4', '2022-02-26 21:18:56', '2022-02-26 21:33:04'),
(215, 93, 26, '1', '1', '0', '0', 'For Class Five (Section A)', '4', '2022-02-26 21:18:56', '2022-02-26 21:33:04'),
(216, 89, 26, '1', '1', '0', '0', 'For Class Five (Section A)', '4', '2022-02-26 21:18:56', '2022-02-26 21:33:04'),
(217, 95, 26, '1', '1', '0', '0', 'For Class Five (Section A)', '4', '2022-02-26 21:18:56', '2022-02-26 21:33:04'),
(218, 96, 27, '1', '1', '0', '0', 'For class Five (Section A)', '4', '2022-02-26 21:31:05', '2022-02-26 21:32:45'),
(219, 72, 27, '25', '25', '0', '0', 'For class Five (Section B)', '4', '2022-02-26 21:31:05', '2022-02-26 21:32:45'),
(220, 88, 27, '25', '25', '0', '0', 'For class Five (Section B)', '4', '2022-02-26 21:31:05', '2022-02-26 21:32:45'),
(221, 5, 27, '2', '2', '0', '0', 'For class Five (Section B)', '4', '2022-02-26 21:31:05', '2022-02-26 21:32:45'),
(222, 8, 27, '4', '4', '0', '0', 'For class Five (Section B)', '4', '2022-02-26 21:31:05', '2022-02-26 21:32:45'),
(223, 91, 27, '1', '1', '0', '0', 'For class Five (Section B)', '4', '2022-02-26 21:31:05', '2022-02-26 21:32:45'),
(224, 92, 27, '1', '1', '0', '0', 'For class Five (Section B)', '4', '2022-02-26 21:31:05', '2022-02-26 21:32:45'),
(225, 93, 27, '1', '1', '0', '0', 'For class Five (Section B)', '4', '2022-02-26 21:31:05', '2022-02-26 21:32:46'),
(226, 89, 27, '1', '1', '0', '0', 'For class Five (Section B)', '4', '2022-02-26 21:31:05', '2022-02-26 21:32:46'),
(227, 90, 27, '1', '1', '0', '0', 'For class Five (Section B)', '4', '2022-02-26 21:31:05', '2022-02-26 21:32:46'),
(228, 95, 27, '1', '1', '0', '0', 'For class Five (Section B)', '4', '2022-02-26 21:31:05', '2022-02-26 21:32:46'),
(229, 96, 28, '1', '1', '0', '0', 'For class Five (Section B)', '4', '2022-02-26 21:31:14', '2022-02-26 21:32:26'),
(230, 72, 29, '31', '31', '0', '0', 'For class six (Section A)', '4', '2022-02-26 21:57:31', '2022-02-26 22:15:07'),
(231, 88, 29, '31', '31', '0', '0', 'For class six (Section A)', '4', '2022-02-26 21:57:31', '2022-02-26 22:15:07'),
(232, 5, 29, '3', '3', '0', '0', 'For class six (Section A)', '4', '2022-02-26 21:57:31', '2022-02-26 22:15:07'),
(233, 8, 29, '2', '2', '0', '0', 'For class six (Section A)', '4', '2022-02-26 21:57:31', '2022-02-26 22:15:07'),
(234, 91, 29, '1', '1', '0', '0', 'For class six (Section A)', '4', '2022-02-26 21:57:31', '2022-02-26 22:15:07'),
(235, 92, 29, '1', '1', '0', '0', 'For class six (Section A)', '4', '2022-02-26 21:57:31', '2022-02-26 22:15:07'),
(236, 89, 29, '1', '1', '0', '0', 'For class six (Section A)', '4', '2022-02-26 21:57:31', '2022-02-26 22:15:07'),
(237, 87, 29, '1', '1', '0', '0', 'For class six (Section A)', '4', '2022-02-26 21:57:31', '2022-02-26 22:15:08'),
(238, 93, 29, '1', '1', '0', '0', 'For class six (Section A)', '4', '2022-02-26 21:57:32', '2022-02-26 22:15:08'),
(239, 90, 29, '1', '1', '0', '0', 'For class six (Section A)', '4', '2022-02-26 21:57:32', '2022-02-26 22:15:08'),
(240, 95, 29, '1', '1', '0', '0', 'For class six (Section A)', '4', '2022-02-26 21:57:32', '2022-02-26 22:15:08'),
(241, 72, 30, '20', '20', '0', '0', 'For class six (Section B)', '4', '2022-02-26 21:59:38', '2022-02-26 22:13:23'),
(242, 88, 30, '20', '20', '0', '0', 'For class six (Section B)', '4', '2022-02-26 21:59:38', '2022-02-26 22:13:23'),
(243, 5, 30, '3', '3', '0', '0', 'For class six (Section B)', '4', '2022-02-26 21:59:38', '2022-02-26 22:14:52'),
(244, 8, 30, '2', '2', '0', '0', 'For class six (Section B)', '4', '2022-02-26 21:59:38', '2022-02-26 22:13:43'),
(245, 91, 30, '1', '1', '0', '0', 'For class six (Section B)', '4', '2022-02-26 21:59:38', '2022-02-26 22:13:43'),
(246, 92, 30, '1', '1', '0', '0', 'For class six (Section B)', '4', '2022-02-26 21:59:38', '2022-02-26 22:13:43'),
(247, 87, 30, '1', '1', '0', '0', 'For class six (Section B)', '4', '2022-02-26 21:59:38', '2022-02-26 22:13:43'),
(248, 89, 30, '1', '1', '0', '0', 'For class six (Section B)', '4', '2022-02-26 21:59:38', '2022-02-26 22:13:43'),
(249, 93, 30, '1', '1', '0', '0', 'For class six (Section B)', '4', '2022-02-26 21:59:38', '2022-02-26 22:13:43'),
(250, 95, 30, '1', '1', '0', '0', 'For class six (Section B)', '4', '2022-02-26 21:59:38', '2022-02-26 22:13:43'),
(251, 72, 31, '23', '23', '0', '0', 'For class seven (Section A)', '4', '2022-02-26 22:02:03', '2022-02-26 22:07:06'),
(252, 88, 31, '23', '23', '0', '0', 'For class seven (Section A)', '4', '2022-02-26 22:02:03', '2022-02-26 22:07:06'),
(253, 5, 31, '3', '3', '0', '0', 'For class seven (Section A)', '4', '2022-02-26 22:02:03', '2022-02-26 22:07:06'),
(254, 8, 31, '2', '2', '0', '0', 'For class seven (Section A)', '4', '2022-02-26 22:02:03', '2022-02-26 22:07:06'),
(255, 91, 31, '1', '1', '0', '0', 'For class seven (Section A)', '4', '2022-02-26 22:02:03', '2022-02-26 22:07:06'),
(256, 92, 31, '1', '1', '0', '0', 'For class seven (Section A)', '4', '2022-02-26 22:02:03', '2022-02-26 22:07:06'),
(257, 93, 31, '1', '1', '0', '0', 'For class seven (Section A)', '4', '2022-02-26 22:02:03', '2022-02-26 22:07:06'),
(258, 90, 31, '1', '1', '0', '0', 'For class seven (Section A)', '4', '2022-02-26 22:02:03', '2022-02-26 22:07:07'),
(259, 95, 31, '1', '1', '0', '0', 'For class seven (Section A)', '4', '2022-02-26 22:02:03', '2022-02-26 22:07:07'),
(260, 72, 32, '25', '25', '0', '0', 'For class seven (Section B)', '4', '2022-02-26 22:03:54', '2022-02-26 22:06:50'),
(261, 88, 32, '25', '25', '0', '0', 'For class seven (Section B)', '4', '2022-02-26 22:03:54', '2022-02-26 22:06:50'),
(262, 5, 32, '3', '3', '0', '0', 'For class seven (Section B)', '4', '2022-02-26 22:03:54', '2022-02-26 22:06:50'),
(263, 8, 32, '2', '2', '0', '0', 'For class seven (Section B)', '4', '2022-02-26 22:03:54', '2022-02-26 22:06:50'),
(264, 91, 32, '1', '1', '0', '0', 'For class seven (Section B)', '4', '2022-02-26 22:03:54', '2022-02-26 22:06:51'),
(265, 92, 32, '1', '1', '0', '0', 'For class seven (Section B)', '4', '2022-02-26 22:03:54', '2022-02-26 22:06:51'),
(266, 89, 32, '1', '1', '0', '0', 'For class seven (Section B)', '4', '2022-02-26 22:03:54', '2022-02-26 22:06:51'),
(267, 87, 32, '1', '1', '0', '0', 'For class seven (Section B)', '4', '2022-02-26 22:03:54', '2022-02-26 22:06:51'),
(268, 93, 32, '1', '1', '0', '0', 'For class seven (Section B)', '4', '2022-02-26 22:03:54', '2022-02-26 22:06:51'),
(269, 90, 32, '1', '1', '0', '0', 'For class seven (Section B)', '4', '2022-02-26 22:03:54', '2022-02-26 22:06:51'),
(270, 95, 32, '1', '1', '0', '0', 'For class seven (Section B)', '4', '2022-02-26 22:03:54', '2022-02-26 22:06:51'),
(271, 72, 33, '25', '25', '0', '0', 'For class Eight (Section A)', '4', '2022-02-26 22:29:50', '2022-02-26 23:03:15'),
(272, 88, 33, '25', '25', '0', '0', 'For class Eight (Section A)', '4', '2022-02-26 22:29:50', '2022-02-26 23:03:15'),
(273, 5, 33, '3', '3', '0', '0', 'For class Eight (Section A)', '4', '2022-02-26 22:29:50', '2022-02-26 23:03:15'),
(274, 8, 33, '2', '2', '0', '0', 'For class Eight (Section A)', '4', '2022-02-26 22:29:50', '2022-02-26 23:03:15'),
(275, 91, 33, '1', '1', '0', '0', 'For class Eight (Section A)', '4', '2022-02-26 22:29:50', '2022-02-26 23:03:15'),
(276, 92, 33, '1', '1', '0', '0', 'For class Eight (Section A)', '4', '2022-02-26 22:29:50', '2022-02-26 23:03:15'),
(277, 96, 33, '1', '1', '0', '0', 'For class Eight (Section A)', '4', '2022-02-26 22:29:50', '2022-02-26 23:03:15'),
(278, 90, 33, '1', '1', '0', '0', 'For class Eight (Section A)', '4', '2022-02-26 22:29:50', '2022-02-26 23:03:15'),
(279, 93, 33, '1', '1', '0', '0', 'For class Eight (Section A)', '4', '2022-02-26 22:29:50', '2022-02-26 23:03:15'),
(280, 95, 33, '1', '1', '0', '0', 'For class Eight (Section A)', '4', '2022-02-26 22:29:50', '2022-02-26 23:03:16'),
(281, 72, 34, '25', '25', '0', '0', 'For class eight (Section B)', '4', '2022-02-26 22:32:07', '2022-02-26 23:03:00'),
(282, 88, 34, '25', '25', '0', '0', 'For class eight (Section B)', '4', '2022-02-26 22:32:07', '2022-02-26 23:03:00'),
(283, 5, 34, '3', '3', '0', '0', 'For class eight (Section B)', '4', '2022-02-26 22:32:07', '2022-02-26 23:03:00'),
(284, 8, 34, '2', '2', '0', '0', 'For class eight (Section B)', '4', '2022-02-26 22:32:07', '2022-02-26 23:03:00'),
(285, 91, 34, '1', '1', '0', '0', 'For class eight (Section B)', '4', '2022-02-26 22:32:07', '2022-02-26 23:03:00'),
(286, 92, 34, '1', '1', '0', '0', 'For class eight (Section B)', '4', '2022-02-26 22:32:07', '2022-02-26 23:03:00'),
(287, 96, 34, '1', '1', '0', '0', 'For class eight (Section B)', '4', '2022-02-26 22:32:07', '2022-02-26 23:03:01'),
(288, 90, 34, '1', '1', '0', '0', 'For class eight (Section B)', '4', '2022-02-26 22:32:07', '2022-02-26 23:03:01'),
(289, 93, 34, '1', '1', '0', '0', 'For class eight (Section B)', '4', '2022-02-26 22:32:07', '2022-02-26 23:03:01'),
(290, 95, 34, '1', '1', '0', '0', 'For class eight (Section B)', '4', '2022-02-26 22:32:07', '2022-02-26 23:03:01'),
(291, 72, 35, '25', '25', '0', '0', 'For class Nine (Section A)', '4', '2022-02-26 22:48:01', '2022-02-26 23:02:44'),
(292, 88, 35, '25', '25', '0', '0', 'For class Nine (Section A)', '4', '2022-02-26 22:48:01', '2022-02-26 23:02:44'),
(293, 5, 35, '3', '3', '0', '0', 'For class Nine (Section A)', '4', '2022-02-26 22:48:01', '2022-02-26 23:02:44'),
(294, 8, 35, '2', '2', '0', '0', 'For class Nine (Section A)', '4', '2022-02-26 22:48:01', '2022-02-26 23:02:44'),
(295, 91, 35, '1', '1', '0', '0', 'For class Nine (Section A)', '4', '2022-02-26 22:48:01', '2022-02-26 23:02:44'),
(296, 92, 35, '1', '1', '0', '0', 'For class Nine (Section A)', '4', '2022-02-26 22:48:01', '2022-02-26 23:02:45'),
(297, 87, 35, '1', '1', '0', '0', 'For class Nine (Section A)', '4', '2022-02-26 22:48:01', '2022-02-26 23:02:45'),
(298, 89, 35, '1', '1', '0', '0', 'For class Nine (Section A)', '4', '2022-02-26 22:48:01', '2022-02-26 23:02:45'),
(299, 90, 35, '1', '1', '0', '0', 'For class Nine (Section A)', '4', '2022-02-26 22:48:01', '2022-02-26 23:02:45'),
(300, 93, 35, '1', '1', '0', '0', 'For class Nine (Section A)', '4', '2022-02-26 22:48:01', '2022-02-26 23:02:45'),
(301, 95, 35, '1', '1', '0', '0', 'For class Nine (Section A)', '4', '2022-02-26 22:48:01', '2022-02-26 23:02:45'),
(302, 72, 36, '25', '25', '0', '0', 'For class Nine (Section B)', '4', '2022-02-26 22:50:34', '2022-02-26 23:02:26'),
(303, 88, 36, '25', '25', '0', '0', 'For class Nine (Section B)', '4', '2022-02-26 22:50:34', '2022-02-26 23:02:26'),
(304, 5, 36, '3', '3', '0', '0', 'For class Nine (Section B)', '4', '2022-02-26 22:50:34', '2022-02-26 23:02:27'),
(305, 8, 36, '2', '2', '0', '0', 'For class Nine (Section B)', '4', '2022-02-26 22:50:34', '2022-02-26 23:02:27'),
(306, 91, 36, '1', '1', '0', '0', 'For class Nine (Section B)', '4', '2022-02-26 22:50:34', '2022-02-26 23:02:27'),
(307, 92, 36, '1', '1', '0', '0', 'For class Nine (Section B)', '4', '2022-02-26 22:50:35', '2022-02-26 23:02:27'),
(308, 87, 36, '1', '1', '0', '0', 'For class Nine (Section B)', '4', '2022-02-26 22:50:35', '2022-02-26 23:02:27'),
(309, 89, 36, '1', '1', '0', '0', 'For class Nine (Section B)', '4', '2022-02-26 22:50:35', '2022-02-26 23:02:27'),
(310, 90, 36, '1', '1', '0', '0', 'For class Nine (Section B)', '4', '2022-02-26 22:50:35', '2022-02-26 23:02:27'),
(311, 93, 36, '1', '1', '0', '0', 'For class Nine (Section B)', '4', '2022-02-26 22:50:35', '2022-02-26 23:02:27'),
(312, 95, 36, '1', '1', '0', '0', 'For class Nine (Section B)', '4', '2022-02-26 22:50:35', '2022-02-26 23:02:27'),
(313, 72, 37, '25', '25', '0', '0', 'For class ten (Section A)', '4', '2022-02-26 22:58:29', '2022-02-26 23:02:04'),
(314, 88, 37, '25', '25', '0', '0', 'For class ten (Section A)', '4', '2022-02-26 22:58:29', '2022-02-26 23:02:04'),
(315, 5, 37, '3', '3', '0', '0', 'For class ten (Section A)', '4', '2022-02-26 22:58:29', '2022-02-26 23:02:04'),
(316, 8, 37, '2', '2', '0', '0', 'For class ten (Section A)', '4', '2022-02-26 22:58:29', '2022-02-26 23:02:04'),
(317, 91, 37, '1', '1', '0', '0', 'For class ten (Section A)', '4', '2022-02-26 22:58:29', '2022-02-26 23:02:05'),
(318, 92, 37, '1', '1', '0', '0', 'For class ten (Section A)', '4', '2022-02-26 22:58:29', '2022-02-26 23:02:05'),
(319, 87, 37, '1', '1', '0', '0', 'For class ten (Section A)', '4', '2022-02-26 22:58:29', '2022-02-26 23:02:05'),
(320, 89, 37, '1', '1', '0', '0', 'For class ten (Section A)', '4', '2022-02-26 22:58:29', '2022-02-26 23:02:05'),
(321, 90, 37, '1', '1', '0', '0', 'For class ten (Section A)', '4', '2022-02-26 22:58:29', '2022-02-26 23:02:05'),
(322, 93, 37, '1', '1', '0', '0', 'For class ten (Section A)', '4', '2022-02-26 22:58:29', '2022-02-26 23:02:05'),
(323, 95, 37, '1', '1', '0', '0', 'For class ten (Section A)', '4', '2022-02-26 22:58:29', '2022-02-26 23:02:05'),
(324, 72, 38, '25', '25', '0', '0', 'For class ten (Section B)', '4', '2022-02-26 23:00:23', '2022-02-26 23:01:48'),
(325, 88, 38, '25', '25', '0', '0', 'For class ten (Section B)', '4', '2022-02-26 23:00:23', '2022-02-26 23:01:48'),
(326, 5, 38, '3', '3', '0', '0', 'For class ten (Section B)', '4', '2022-02-26 23:00:24', '2022-02-26 23:01:49'),
(327, 8, 38, '2', '2', '0', '0', 'For class ten (Section B)', '4', '2022-02-26 23:00:24', '2022-02-26 23:01:49'),
(328, 91, 38, '1', '1', '0', '0', 'For class ten (Section B)', '4', '2022-02-26 23:00:24', '2022-02-26 23:01:49'),
(329, 92, 38, '1', '1', '0', '0', 'For class ten (Section B)', '4', '2022-02-26 23:00:24', '2022-02-26 23:01:49'),
(330, 87, 38, '1', '1', '0', '0', 'For class ten (Section B)', '4', '2022-02-26 23:00:24', '2022-02-26 23:01:49'),
(331, 89, 38, '1', '1', '0', '0', 'For class ten (Section B)', '4', '2022-02-26 23:00:24', '2022-02-26 23:01:49'),
(332, 90, 38, '1', '1', '0', '0', 'For class ten (Section B)', '4', '2022-02-26 23:00:24', '2022-02-26 23:01:49'),
(333, 93, 38, '1', '1', '0', '0', 'For class ten (Section B)', '4', '2022-02-26 23:00:24', '2022-02-26 23:01:49'),
(334, 95, 38, '1', '1', '0', '0', 'For class ten (Section B)', '4', '2022-02-26 23:00:24', '2022-02-26 23:01:49'),
(335, 97, 39, '1', '1', '0', '0', 'For Lab', '4', '2022-02-27 00:25:47', '2022-02-27 00:28:25'),
(336, 10, 39, '30', '30', '0', '0', 'For Lab', '4', '2022-02-27 00:25:47', '2022-02-27 00:28:25'),
(337, 31, 39, '30', '30', '0', '0', 'For Lab', '4', '2022-02-27 00:25:47', '2022-02-27 00:28:25'),
(338, 66, 39, '12', '12', '0', '0', 'For Lab', '4', '2022-02-27 00:25:47', '2022-02-27 00:28:25'),
(339, 98, 39, '1', '1', '0', '0', 'For Lab', '4', '2022-02-27 00:25:47', '2022-02-27 00:28:25'),
(340, 15, 39, '1', '1', '0', '0', 'For Office', '4', '2022-02-27 00:25:47', '2022-02-27 00:28:26'),
(341, 2, 39, '1', '1', '0', '0', 'For Lab', '4', '2022-02-27 00:25:47', '2022-02-27 00:28:26'),
(342, 1, 39, '1', '1', '0', '0', 'For Lab', '4', '2022-02-27 00:25:47', '2022-02-27 00:28:26'),
(343, 8, 39, '1', '1', '0', '0', 'For Office', '4', '2022-02-27 00:25:47', '2022-02-27 00:28:26'),
(344, 89, 39, '3', '3', '0', '0', 'For Office', '4', '2022-02-27 00:25:47', '2022-02-27 00:28:26'),
(345, 5, 40, '12', '12', '0', '0', 'For Lab', '4', '2022-02-27 00:27:00', '2022-02-27 00:28:05'),
(346, 5, 41, '1', '1', '0', '0', 'For Office', '4', '2022-02-27 00:27:11', '2022-02-27 00:27:59'),
(347, 101, 42, '1', '1', '0', '0', 'For Office', '4', '2022-02-27 00:38:10', '2022-02-27 00:38:37'),
(348, 89, 42, '5', '5', '0', '0', 'For Office', '4', '2022-02-27 00:38:10', '2022-02-27 00:38:37'),
(349, 99, 42, '1', '1', '0', '0', 'For Office', '4', '2022-02-27 00:38:10', '2022-02-27 00:38:37'),
(350, 5, 42, '1', '1', '0', '0', 'For Office', '4', '2022-02-27 00:38:10', '2022-02-27 00:38:37'),
(351, 66, 42, '2', '2', '0', '0', 'For Office', '4', '2022-02-27 00:38:10', '2022-02-27 00:38:37'),
(352, 56, 42, '1', '1', '0', '0', 'For Office', '4', '2022-02-27 00:38:10', '2022-02-27 00:38:37'),
(353, 100, 42, '1', '1', '0', '0', 'For Office', '4', '2022-02-27 00:38:10', '2022-02-27 00:38:37'),
(354, 11, 42, '1', '1', '0', '0', 'For Office', '4', '2022-02-27 00:38:10', '2022-02-27 00:38:37'),
(355, 102, 43, '120', '120', '0', '0', 'For Biology Lab', '4', '2022-02-27 21:36:52', '2022-02-27 23:40:07'),
(356, 103, 43, '100', '100', '0', '0', 'For Biology Lab', '4', '2022-02-27 21:36:52', '2022-02-27 23:40:07'),
(357, 104, 43, '100', '100', '0', '0', 'For Biology Lab', '4', '2022-02-27 21:36:52', '2022-02-27 23:40:07'),
(358, 105, 43, '100', '100', '0', '0', 'For Biology Lab', '4', '2022-02-27 21:36:52', '2022-02-27 23:40:08'),
(359, 106, 43, '100', '100', '0', '0', 'For Biology Lab', '4', '2022-02-27 21:36:52', '2022-02-27 23:40:08'),
(360, 107, 43, '100', '100', '0', '0', 'For Biology Lab', '4', '2022-02-27 21:36:52', '2022-02-27 23:40:08'),
(361, 108, 43, '150', '150', '0', '0', 'For Biology Lab', '4', '2022-02-27 21:36:52', '2022-02-27 23:40:08'),
(362, 109, 43, '100', '100', '0', '0', 'For Biology Lab', '4', '2022-02-27 21:36:52', '2022-02-27 23:40:08'),
(363, 110, 43, '1', '1', '0', '0', 'For Biology Lab', '4', '2022-02-27 21:36:52', '2022-02-27 23:40:08'),
(364, 116, 43, '4', '4', '0', '0', 'For Biology Lab', '4', '2022-02-27 21:36:52', '2022-02-27 23:40:08'),
(365, 111, 43, '150', '150', '0', '0', 'For Biology Lab', '4', '2022-02-27 21:36:52', '2022-02-27 23:40:09'),
(366, 112, 43, '100', '100', '0', '0', 'For Biology Lab', '4', '2022-02-27 21:36:52', '2022-02-27 23:40:09'),
(367, 113, 43, '100', '100', '0', '0', 'For Biology Lab', '4', '2022-02-27 21:36:52', '2022-02-27 23:40:09'),
(368, 114, 43, '20', '20', '0', '0', 'For Biology Lab', '4', '2022-02-27 21:36:52', '2022-02-27 23:40:09'),
(369, 115, 43, '5', '5', '0', '0', 'For Biology Lab', '4', '2022-02-27 21:36:52', '2022-02-27 23:40:09'),
(370, 117, 44, '2', '2', '0', '0', 'For Biology Lab', '4', '2022-02-27 23:37:17', '2022-02-27 23:39:25'),
(371, 118, 44, '2', '2', '0', '0', 'For Biology Lab', '4', '2022-02-27 23:37:18', '2022-02-27 23:39:25'),
(372, 119, 44, '1', '1', '0', '0', 'For Biology Lab', '4', '2022-02-27 23:37:18', '2022-02-27 23:39:26'),
(373, 120, 44, '2', '2', '0', '0', 'For Biology Lab', '4', '2022-02-27 23:37:18', '2022-02-27 23:39:26'),
(374, 121, 44, '9', '9', '0', '0', 'For Biology Lab', '4', '2022-02-27 23:37:18', '2022-02-27 23:39:26'),
(375, 122, 44, '41', '41', '0', '0', 'For Biology Lab', '4', '2022-02-27 23:37:18', '2022-02-27 23:39:26'),
(376, 124, 44, '4', '4', '0', '0', 'For Biology Lab', '4', '2022-02-27 23:37:18', '2022-02-27 23:39:26'),
(377, 125, 44, '1', '1', '0', '0', 'For Biology Lab', '4', '2022-02-27 23:37:18', '2022-02-27 23:39:26'),
(378, 126, 44, '1', '1', '0', '0', 'For Biology Lab', '4', '2022-02-27 23:37:18', '2022-02-27 23:39:26'),
(379, 127, 44, '2', '2', '0', '0', 'For Biology Lab', '4', '2022-02-27 23:37:18', '2022-02-27 23:39:27'),
(380, 128, 44, '1', '1', '0', '0', 'For Biology Lab', '4', '2022-02-27 23:37:18', '2022-02-27 23:39:27'),
(381, 129, 44, '1', '1', '0', '0', 'For Biology Lab', '4', '2022-02-27 23:37:18', '2022-02-27 23:39:27'),
(382, 130, 44, '1', '1', '0', '0', 'For Biology Lab', '4', '2022-02-27 23:37:18', '2022-02-27 23:39:28'),
(383, 131, 44, '100', '100', '0', '0', 'For Biology Lab', '4', '2022-02-27 23:37:18', '2022-02-27 23:39:28'),
(384, 132, 44, '17', '17', '0', '0', 'For Biology Lab', '4', '2022-02-27 23:37:18', '2022-02-27 23:39:28'),
(385, 133, 44, '8', '8', '0', '0', 'For Biology Lab', '4', '2022-02-27 23:37:18', '2022-02-27 23:39:28'),
(386, 134, 44, '10', '10', '0', '0', 'For Biology Lab', '4', '2022-02-27 23:37:18', '2022-02-27 23:39:28'),
(387, 135, 44, '6', '6', '0', '0', 'For Biology Lab', '4', '2022-02-27 23:37:18', '2022-02-27 23:39:28'),
(388, 136, 44, '2', '2', '0', '0', 'For Biology Lab', '4', '2022-02-27 23:37:18', '2022-02-27 23:39:29'),
(389, 137, 44, '2', '2', '0', '0', 'For Biology Lab', '4', '2022-02-27 23:37:18', '2022-02-27 23:39:29'),
(390, 138, 44, '19', '19', '0', '0', 'For Biology Lab', '4', '2022-02-27 23:37:18', '2022-02-27 23:39:29'),
(391, 139, 44, '2', '2', '0', '0', 'For Biology Lab', '4', '2022-02-27 23:37:18', '2022-02-27 23:39:29'),
(392, 140, 44, '2', '2', '0', '0', 'For Biology Lab', '4', '2022-02-27 23:37:18', '2022-02-27 23:39:29'),
(393, 141, 44, '10', '10', '0', '0', 'For Biology Lab', '4', '2022-02-27 23:37:18', '2022-02-27 23:39:29'),
(394, 142, 44, '1', '1', '0', '0', 'For Biology Lab', '4', '2022-02-27 23:37:18', '2022-02-27 23:39:30'),
(395, 143, 44, '13', '13', '0', '0', 'For Biology Lab', '4', '2022-02-27 23:37:18', '2022-02-27 23:39:30'),
(396, 144, 44, '1', '1', '0', '0', 'For Biology Lab', '4', '2022-02-27 23:37:18', '2022-02-27 23:39:30'),
(397, 145, 44, '3', '3', '0', '0', 'For Biology Lab', '4', '2022-02-27 23:37:18', '2022-02-27 23:39:30'),
(398, 146, 44, '1', '1', '0', '0', 'For Biology Lab', '4', '2022-02-27 23:37:18', '2022-02-27 23:39:30'),
(399, 147, 44, '2', '2', '0', '0', 'For Biology Lab', '4', '2022-02-27 23:37:18', '2022-02-27 23:39:30'),
(400, 148, 44, '2', '2', '0', '0', 'For Biology Lab', '4', '2022-02-27 23:37:18', '2022-02-27 23:39:31'),
(401, 149, 44, '1', '1', '0', '0', 'For Biology Lab', '4', '2022-02-27 23:37:18', '2022-02-27 23:39:31'),
(402, 150, 44, '1', '1', '0', '0', 'For Biology Lab', '4', '2022-02-27 23:37:18', '2022-02-27 23:39:31'),
(403, 151, 44, '3', '3', '0', '0', 'For Biology Lab', '4', '2022-02-27 23:37:18', '2022-02-27 23:39:31'),
(404, 152, 44, '1', '1', '0', '0', 'For Biology Lab', '4', '2022-02-27 23:37:18', '2022-02-27 23:39:31'),
(405, 153, 44, '13', '13', '0', '0', 'For Biology Lab', '4', '2022-02-27 23:37:18', '2022-02-27 23:39:31'),
(406, 154, 44, '1', '1', '0', '0', 'For Biology Lab', '4', '2022-02-27 23:37:19', '2022-02-27 23:39:32'),
(407, 155, 44, '1', '1', '0', '0', 'For Biology Lab', '4', '2022-02-27 23:37:19', '2022-02-27 23:39:32'),
(408, 156, 44, '1', '1', '0', '0', 'For Biology Lab', '4', '2022-02-27 23:37:19', '2022-02-27 23:39:32'),
(409, 157, 44, '1', '1', '0', '0', 'For Biology Lab', '4', '2022-02-27 23:37:19', '2022-02-27 23:39:32'),
(410, 158, 44, '2', '2', '0', '0', 'For Biology Lab', '4', '2022-02-27 23:37:19', '2022-02-27 23:39:32'),
(411, 159, 44, '15', '15', '0', '0', 'For Biology Lab', '4', '2022-02-27 23:37:19', '2022-02-27 23:39:33'),
(412, 160, 44, '1', '1', '0', '0', 'For Biology Lab', '4', '2022-02-27 23:37:19', '2022-02-27 23:39:33'),
(413, 161, 44, '1', '1', '0', '0', 'For Biology Lab', '4', '2022-02-27 23:37:19', '2022-02-27 23:39:33'),
(414, 162, 44, '1', '1', '0', '0', 'For Biology Lab', '4', '2022-02-27 23:37:19', '2022-02-27 23:39:33'),
(415, 163, 44, '32', '32', '0', '0', 'For Biology Lab', '4', '2022-02-27 23:37:19', '2022-02-27 23:39:33'),
(416, 164, 44, '1', '1', '0', '0', 'For Biology Lab', '4', '2022-02-27 23:37:19', '2022-02-27 23:39:33'),
(417, 165, 44, '1', '1', '0', '0', 'For Biology Lab', '4', '2022-02-27 23:37:19', '2022-02-27 23:39:34'),
(418, 166, 45, '5', '5', '0', '0', 'For Physics Lab', '4', '2022-02-28 02:43:26', '2022-02-28 02:46:22'),
(419, 167, 45, '5', '5', '0', '0', 'For Physics Lab', '4', '2022-02-28 02:43:26', '2022-02-28 02:46:22'),
(420, 168, 45, '2', '2', '0', '0', 'For Physics Lab', '4', '2022-02-28 02:43:26', '2022-02-28 02:46:22'),
(421, 169, 45, '14', '14', '0', '0', 'For Physics Lab', '4', '2022-02-28 02:43:26', '2022-02-28 02:46:22'),
(422, 170, 45, '1', '1', '0', '0', 'For Physics Lab', '4', '2022-02-28 02:43:26', '2022-02-28 02:46:22'),
(423, 171, 45, '2', '2', '0', '0', 'For Physics Lab', '4', '2022-02-28 02:43:26', '2022-02-28 02:46:22'),
(424, 172, 45, '8', '8', '0', '0', 'For Physics Lab', '4', '2022-02-28 02:43:26', '2022-02-28 02:46:22'),
(425, 173, 45, '3', '3', '0', '0', 'For Physics Lab', '4', '2022-02-28 02:43:26', '2022-02-28 02:46:23'),
(426, 174, 45, '2', '2', '0', '0', 'For Physics Lab', '4', '2022-02-28 02:43:26', '2022-02-28 02:46:23'),
(427, 175, 45, '10', '10', '0', '0', 'For Physics Lab', '4', '2022-02-28 02:43:26', '2022-02-28 02:46:23'),
(428, 176, 45, '3', '3', '0', '0', 'For Physics Lab', '4', '2022-02-28 02:43:26', '2022-02-28 02:46:23'),
(429, 177, 45, '1', '1', '0', '0', 'For Physics Lab', '4', '2022-02-28 02:43:26', '2022-02-28 02:46:23'),
(430, 178, 45, '4', '4', '0', '0', 'For Physics Lab', '4', '2022-02-28 02:43:26', '2022-02-28 02:46:23'),
(431, 179, 45, '3', '3', '0', '0', 'For Physics Lab', '4', '2022-02-28 02:43:26', '2022-02-28 02:46:24'),
(432, 180, 45, '1', '1', '0', '0', 'For Physics Lab', '4', '2022-02-28 02:43:26', '2022-02-28 02:46:24'),
(433, 181, 45, '1', '1', '0', '0', 'For Physics Lab', '4', '2022-02-28 02:43:26', '2022-02-28 02:46:24'),
(434, 182, 45, '9', '9', '0', '0', 'For Physics Lab', '4', '2022-02-28 02:43:26', '2022-02-28 02:46:24'),
(435, 183, 45, '9', '9', '0', '0', 'For Physics Lab', '4', '2022-02-28 02:43:26', '2022-02-28 02:46:24'),
(436, 185, 45, '4', '4', '0', '0', 'For Physics Lab', '4', '2022-02-28 02:43:26', '2022-02-28 02:46:25'),
(437, 184, 45, '6', '6', '0', '0', 'For Physics Lab', '4', '2022-02-28 02:43:26', '2022-02-28 02:46:25'),
(438, 186, 45, '1', '1', '0', '0', 'For Physics Lab', '4', '2022-02-28 02:43:26', '2022-02-28 02:46:25'),
(439, 187, 45, '4', '4', '0', '0', 'For Physics Lab', '4', '2022-02-28 02:43:26', '2022-02-28 02:46:25'),
(440, 188, 45, '3', '3', '0', '0', 'For Physics Lab', '4', '2022-02-28 02:43:26', '2022-02-28 02:46:25'),
(441, 189, 45, '5', '5', '0', '0', 'For Physics Lab', '4', '2022-02-28 02:43:26', '2022-02-28 02:46:25'),
(442, 190, 45, '4', '4', '0', '0', 'For Physics Lab', '4', '2022-02-28 02:43:26', '2022-02-28 02:46:25'),
(443, 192, 45, '4', '4', '0', '0', 'For Physics Lab', '4', '2022-02-28 02:43:26', '2022-02-28 02:46:26'),
(444, 191, 45, '2', '2', '0', '0', 'For Physics Lab', '4', '2022-02-28 02:43:26', '2022-02-28 02:46:26'),
(445, 193, 45, '5', '5', '0', '0', 'For Physics Lab', '4', '2022-02-28 02:43:27', '2022-02-28 02:46:26'),
(446, 194, 45, '1', '1', '0', '0', 'For Physics Lab', '4', '2022-02-28 02:43:27', '2022-02-28 02:46:26'),
(447, 195, 45, '2', '2', '0', '0', 'For Physics Lab', '4', '2022-02-28 02:43:27', '2022-02-28 02:46:26'),
(448, 196, 45, '1', '1', '0', '0', 'For Physics Lab', '4', '2022-02-28 02:43:27', '2022-02-28 02:46:27'),
(449, 197, 45, '4', '4', '0', '0', 'For Physics Lab', '4', '2022-02-28 02:43:27', '2022-02-28 02:46:27'),
(450, 198, 45, '2', '2', '0', '0', 'For Physics Lab', '4', '2022-02-28 02:43:27', '2022-02-28 02:46:27'),
(451, 199, 45, '2', '2', '0', '0', 'For Physics Lab', '4', '2022-02-28 02:43:27', '2022-02-28 02:46:27'),
(452, 200, 46, '2', '2', '0', '0', 'For Chemistry Lab', '4', '2022-03-04 21:26:26', '2022-03-04 21:41:13'),
(453, 201, 46, '2', '2', '0', '0', 'For Chemistry Lab', '4', '2022-03-04 21:26:26', '2022-03-04 21:41:13'),
(454, 202, 46, '2', '2', '0', '0', 'For Chemistry Lab', '4', '2022-03-04 21:26:26', '2022-03-04 21:41:13'),
(455, 258, 46, '2', '2', '0', '0', 'For Chemistry Lab', '4', '2022-03-04 21:26:26', '2022-03-04 21:41:13'),
(456, 203, 46, '2', '2', '0', '0', 'For Chemistry Lab', '4', '2022-03-04 21:26:26', '2022-03-04 21:41:14'),
(457, 204, 46, '3', '3', '0', '0', 'For Chemistry Lab', '4', '2022-03-04 21:26:26', '2022-03-04 21:41:14'),
(458, 205, 46, '2', '2', '0', '0', 'For Chemistry Lab', '4', '2022-03-04 21:26:26', '2022-03-04 21:41:14'),
(459, 206, 46, '3', '3', '0', '0', 'For Chemistry Lab', '4', '2022-03-04 21:26:26', '2022-03-04 21:41:14'),
(460, 207, 46, '1', '1', '0', '0', 'For Chemistry Lab', '4', '2022-03-04 21:26:26', '2022-03-04 21:41:14'),
(461, 208, 46, '1', '1', '0', '0', 'For Chemistry Lab', '4', '2022-03-04 21:26:27', '2022-03-04 21:41:14'),
(462, 210, 46, '3', '3', '0', '0', 'For Chemistry Lab', '4', '2022-03-04 21:26:27', '2022-03-04 21:41:14'),
(463, 211, 46, '1', '1', '0', '0', 'For Chemistry Lab', '4', '2022-03-04 21:26:27', '2022-03-04 21:41:15'),
(464, 212, 46, '2', '2', '0', '0', 'For Chemistry Lab', '4', '2022-03-04 21:26:27', '2022-03-04 21:41:15');
INSERT INTO `requisition_childs` (`id`, `product_id`, `requisition_parent_id`, `requisition_quantity`, `delivered_quantity`, `return_quantity`, `damage_quantity`, `purpose`, `status`, `created_at`, `updated_at`) VALUES
(465, 214, 46, '5', '5', '0', '0', 'For Chemistry Lab', '4', '2022-03-04 21:26:27', '2022-03-04 21:41:15'),
(466, 213, 46, '2', '2', '0', '0', 'For Chemistry Lab', '4', '2022-03-04 21:26:27', '2022-03-04 21:41:15'),
(467, 215, 46, '1', '1', '0', '0', 'For Chemistry Lab', '4', '2022-03-04 21:26:27', '2022-03-04 21:41:15'),
(468, 216, 46, '7', '7', '0', '0', 'For Chemistry Lab', '4', '2022-03-04 21:26:27', '2022-03-04 21:41:15'),
(469, 217, 46, '2', '2', '0', '0', 'For Chemistry Lab', '4', '2022-03-04 21:26:27', '2022-03-04 21:41:16'),
(470, 218, 46, '4', '4', '0', '0', 'For Chemistry Lab', '4', '2022-03-04 21:26:27', '2022-03-04 21:41:16'),
(471, 219, 46, '2', '2', '0', '0', 'For Chemistry Lab', '4', '2022-03-04 21:26:27', '2022-03-04 21:41:16'),
(472, 220, 46, '2', '2', '0', '0', 'For Chemistry Lab', '4', '2022-03-04 21:26:27', '2022-03-04 21:41:16'),
(473, 221, 46, '5', '5', '0', '0', 'For Chemistry Lab', '4', '2022-03-04 21:26:27', '2022-03-04 21:41:16'),
(474, 222, 46, '4', '4', '0', '0', 'For Chemistry Lab', '4', '2022-03-04 21:26:27', '2022-03-04 21:41:16'),
(475, 223, 46, '5', '5', '0', '0', 'For Chemistry Lab', '4', '2022-03-04 21:26:27', '2022-03-04 21:41:17'),
(476, 224, 46, '100', '100', '0', '0', 'For Chemistry Lab', '4', '2022-03-04 21:26:27', '2022-03-04 21:41:17'),
(477, 209, 47, '1', '1', '0', '0', 'For Chemistry Lab', '4', '2022-03-04 21:35:06', '2022-03-04 21:40:32'),
(478, 225, 47, '10', '10', '0', '0', 'For Chemistry Lab', '4', '2022-03-04 21:35:06', '2022-03-04 21:40:32'),
(479, 226, 47, '17', '17', '0', '0', 'For Chemistry Lab', '4', '2022-03-04 21:35:06', '2022-03-04 21:40:32'),
(480, 227, 47, '10', '10', '0', '0', 'For Chemistry Lab', '4', '2022-03-04 21:35:06', '2022-03-04 21:40:33'),
(481, 228, 47, '13', '13', '0', '0', 'For Chemistry Lab', '4', '2022-03-04 21:35:06', '2022-03-04 21:40:33'),
(482, 229, 47, '9', '9', '0', '0', 'For Chemistry Lab', '4', '2022-03-04 21:35:06', '2022-03-04 21:40:33'),
(483, 230, 47, '2', '2', '0', '0', 'For Chemistry Lab', '4', '2022-03-04 21:35:06', '2022-03-04 21:40:33'),
(484, 231, 47, '5', '5', '0', '0', 'For Chemistry Lab', '4', '2022-03-04 21:35:06', '2022-03-04 21:40:33'),
(485, 232, 47, '3', '3', '0', '0', 'For Chemistry Lab', '4', '2022-03-04 21:35:06', '2022-03-04 21:40:33'),
(486, 233, 47, '2', '2', '0', '0', 'For Chemistry Lab', '4', '2022-03-04 21:35:06', '2022-03-04 21:40:34'),
(487, 234, 47, '1', '1', '0', '0', 'For Chemistry Lab', '4', '2022-03-04 21:35:06', '2022-03-04 21:40:34'),
(488, 235, 47, '2', '2', '0', '0', 'For Chemistry Lab', '4', '2022-03-04 21:35:06', '2022-03-04 21:40:34'),
(489, 236, 47, '1', '1', '0', '0', 'For Chemistry Lab', '4', '2022-03-04 21:35:06', '2022-03-04 21:40:34'),
(490, 237, 47, '1', '1', '0', '0', 'For Chemistry Lab', '4', '2022-03-04 21:35:06', '2022-03-04 21:40:34'),
(491, 238, 47, '2', '2', '0', '0', 'For Chemistry Lab', '4', '2022-03-04 21:35:06', '2022-03-04 21:40:34'),
(492, 239, 47, '2', '2', '0', '0', 'For Chemistry Lab', '4', '2022-03-04 21:35:06', '2022-03-04 21:40:34'),
(493, 240, 47, '4', '4', '0', '0', 'For Chemistry Lab', '4', '2022-03-04 21:35:06', '2022-03-04 21:40:35'),
(494, 241, 47, '1', '1', '0', '0', 'For Chemistry Lab', '4', '2022-03-04 21:35:06', '2022-03-04 21:40:35'),
(495, 242, 47, '6', '6', '0', '0', 'For Chemistry Lab', '4', '2022-03-04 21:35:06', '2022-03-04 21:40:35'),
(496, 243, 47, '5', '5', '0', '0', 'For Chemistry Lab', '4', '2022-03-04 21:35:06', '2022-03-04 21:40:35'),
(497, 244, 47, '1', '1', '0', '0', 'For Chemistry Lab', '4', '2022-03-04 21:35:07', '2022-03-04 21:40:35'),
(498, 245, 47, '5', '5', '0', '0', 'For Chemistry Lab', '4', '2022-03-04 21:35:07', '2022-03-04 21:40:35'),
(499, 246, 47, '15', '15', '0', '0', 'For Chemistry Lab', '4', '2022-03-04 21:35:07', '2022-03-04 21:40:36'),
(500, 248, 47, '24', '24', '0', '0', 'For Chemistry Lab', '4', '2022-03-04 21:35:07', '2022-03-04 21:40:36'),
(501, 249, 47, '1', '1', '0', '0', 'For Chemistry Lab', '4', '2022-03-04 21:35:07', '2022-03-04 21:40:36'),
(502, 247, 47, '1', '1', '0', '0', 'For Chemistry Lab', '4', '2022-03-04 21:35:07', '2022-03-04 21:40:36'),
(503, 250, 47, '1', '1', '0', '0', 'For Chemistry Lab', '4', '2022-03-04 21:35:07', '2022-03-04 21:40:36'),
(504, 251, 47, '2', '2', '0', '0', 'For Chemistry Lab', '4', '2022-03-04 21:35:07', '2022-03-04 21:40:37'),
(505, 252, 47, '6', '6', '0', '0', 'For Chemistry Lab', '4', '2022-03-04 21:35:07', '2022-03-04 21:40:37'),
(506, 253, 47, '1', '1', '0', '0', 'For Chemistry Lab', '4', '2022-03-04 21:35:07', '2022-03-04 21:40:37'),
(507, 254, 47, '7', '7', '0', '0', 'For Chemistry Lab', '4', '2022-03-04 21:35:07', '2022-03-04 21:40:37'),
(508, 255, 47, '1', '1', '0', '0', 'For Chemistry Lab', '4', '2022-03-04 21:35:07', '2022-03-04 21:40:37'),
(509, 256, 47, '1', '1', '0', '0', 'For Chemistry Lab', '4', '2022-03-04 21:35:07', '2022-03-04 21:40:37'),
(510, 257, 47, '5', '5', '0', '0', 'For Chemistry Lab', '4', '2022-03-04 21:35:07', '2022-03-04 21:40:37');

-- --------------------------------------------------------

--
-- Table structure for table `requisition_parents`
--

CREATE TABLE `requisition_parents` (
  `id` bigint(20) UNSIGNED NOT NULL,
  `requisition_by` bigint(20) UNSIGNED NOT NULL,
  `requisition_date` date NOT NULL,
  `requisition_vou_no` varchar(191) COLLATE utf8mb4_unicode_ci NOT NULL,
  `status` enum('1','2','3','4','5','6') COLLATE utf8mb4_unicode_ci NOT NULL,
  `created_at` timestamp NULL DEFAULT NULL,
  `updated_at` timestamp NULL DEFAULT NULL
) ENGINE=InnoDB DEFAULT CHARSET=utf8mb4 COLLATE=utf8mb4_unicode_ci;

--
-- Dumping data for table `requisition_parents`
--

INSERT INTO `requisition_parents` (`id`, `requisition_by`, `requisition_date`, `requisition_vou_no`, `status`, `created_at`, `updated_at`) VALUES
(1, 2, '2022-02-23', 'R-2022022306124332', '5', '2022-02-23 00:12:43', '2022-02-23 00:39:12'),
(2, 2, '2022-02-23', 'R-2022022306270133', '5', '2022-02-23 00:27:01', '2022-02-23 00:38:59'),
(3, 2, '2022-02-23', 'R-2022022306274885', '5', '2022-02-23 00:27:48', '2022-02-23 00:38:32'),
(4, 2, '2022-02-23', 'R-2022022306575249', '5', '2022-02-23 00:57:52', '2022-02-23 00:58:17'),
(5, 5, '2022-02-24', 'R-2022022403592015', '5', '2022-02-23 21:59:20', '2022-02-23 22:13:42'),
(6, 6, '2022-02-24', 'R-2022022405122370', '5', '2022-02-23 23:12:23', '2022-02-23 23:14:54'),
(7, 7, '2022-02-24', 'R-2022022406244151', '5', '2022-02-24 00:24:41', '2022-02-24 00:38:09'),
(8, 7, '2022-02-24', 'R-2022022406371064', '5', '2022-02-24 00:37:10', '2022-02-24 00:38:18'),
(9, 4, '2022-02-24', 'R-2022022407111152', '5', '2022-02-24 01:11:11', '2022-02-24 01:16:26'),
(10, 4, '2022-02-24', 'R-2022022407120470', '5', '2022-02-24 01:12:04', '2022-02-24 01:16:13'),
(11, 4, '2022-02-24', 'R-2022022407153718', '5', '2022-02-24 01:15:37', '2022-02-24 01:16:07'),
(12, 8, '2022-02-26', 'R-2022022605424333', '5', '2022-02-25 23:42:43', '2022-02-26 00:01:31'),
(13, 8, '2022-02-26', 'R-2022022605580178', '5', '2022-02-25 23:58:01', '2022-02-26 00:01:49'),
(14, 8, '2022-02-26', 'R-2022022605593736', '5', '2022-02-25 23:59:37', '2022-02-26 00:02:02'),
(15, 9, '2022-02-26', 'R-2022022607001939', '5', '2022-02-26 01:00:19', '2022-02-26 03:44:55'),
(16, 9, '2022-02-26', 'R-2022022609240544', '5', '2022-02-26 03:24:05', '2022-02-26 03:26:36'),
(17, 9, '2022-02-26', 'R-2022022609372754', '5', '2022-02-26 03:37:27', '2022-02-26 03:44:27'),
(18, 9, '2022-02-26', 'R-2022022609430528', '5', '2022-02-26 03:43:05', '2022-02-26 03:44:34'),
(19, 9, '2022-02-26', 'R-2022022609534683', '5', '2022-02-26 03:53:46', '2022-02-26 03:55:25'),
(20, 9, '2022-02-26', 'R-2022022610112333', '5', '2022-02-26 04:11:23', '2022-02-26 04:12:32'),
(21, 9, '2022-02-26', 'R-2022022610264252', '5', '2022-02-26 04:26:42', '2022-02-26 04:34:43'),
(22, 9, '2022-02-26', 'R-2022022610284818', '5', '2022-02-26 04:28:48', '2022-02-26 04:34:24'),
(23, 9, '2022-02-26', 'R-2022022610324469', '5', '2022-02-26 04:32:44', '2022-02-26 04:33:58'),
(24, 9, '2022-02-27', 'R-2022022703061346', '5', '2022-02-26 21:06:13', '2022-02-26 21:37:35'),
(25, 9, '2022-02-27', 'R-2022022703135343', '5', '2022-02-26 21:13:53', '2022-02-26 21:33:22'),
(26, 9, '2022-02-27', 'R-2022022703185555', '5', '2022-02-26 21:18:55', '2022-02-26 21:33:04'),
(27, 9, '2022-02-27', 'R-2022022703310575', '5', '2022-02-26 21:31:05', '2022-02-26 21:32:46'),
(28, 9, '2022-02-27', 'R-2022022703311413', '5', '2022-02-26 21:31:14', '2022-02-26 21:32:26'),
(29, 10, '2022-02-27', 'R-2022022703573146', '5', '2022-02-26 21:57:31', '2022-02-26 22:15:08'),
(30, 10, '2022-02-27', 'R-2022022703593854', '5', '2022-02-26 21:59:38', '2022-02-26 22:14:52'),
(31, 10, '2022-02-27', 'R-2022022704020314', '5', '2022-02-26 22:02:03', '2022-02-26 22:07:07'),
(32, 10, '2022-02-27', 'R-2022022704035427', '5', '2022-02-26 22:03:54', '2022-02-26 22:06:51'),
(33, 10, '2022-02-27', 'R-2022022704294975', '5', '2022-02-26 22:29:49', '2022-02-26 23:03:16'),
(34, 10, '2022-02-27', 'R-2022022704320735', '5', '2022-02-26 22:32:07', '2022-02-26 23:03:01'),
(35, 10, '2022-02-27', 'R-2022022704480157', '5', '2022-02-26 22:48:01', '2022-02-26 23:02:45'),
(36, 10, '2022-02-27', 'R-2022022704503493', '5', '2022-02-26 22:50:34', '2022-02-26 23:02:27'),
(37, 10, '2022-02-27', 'R-2022022704582999', '5', '2022-02-26 22:58:29', '2022-02-26 23:02:05'),
(38, 10, '2022-02-27', 'R-2022022705002367', '5', '2022-02-26 23:00:23', '2022-02-26 23:01:49'),
(39, 12, '2022-02-27', 'R-2022022706254646', '5', '2022-02-27 00:25:46', '2022-02-27 00:28:26'),
(40, 12, '2022-02-27', 'R-2022022706270070', '5', '2022-02-27 00:27:00', '2022-02-27 00:28:05'),
(41, 12, '2022-02-27', 'R-2022022706271120', '5', '2022-02-27 00:27:11', '2022-02-27 00:28:00'),
(42, 13, '2022-02-27', 'R-2022022706381026', '5', '2022-02-27 00:38:10', '2022-02-27 00:38:37'),
(43, 14, '2022-02-28', 'R-2022022803365289', '5', '2022-02-27 21:36:52', '2022-02-27 23:40:09'),
(44, 14, '2022-02-28', 'R-2022022805371795', '5', '2022-02-27 23:37:17', '2022-02-27 23:39:34'),
(45, 16, '2022-02-28', 'R-2022022808432680', '5', '2022-02-28 02:43:26', '2022-02-28 02:46:27'),
(46, 15, '2022-03-05', 'R-2022030503262644', '5', '2022-03-04 21:26:26', '2022-03-04 21:41:17'),
(47, 15, '2022-03-05', 'R-2022030503350619', '5', '2022-03-04 21:35:06', '2022-03-04 21:40:37');

-- --------------------------------------------------------

--
-- Table structure for table `return_receive_childs`
--

CREATE TABLE `return_receive_childs` (
  `id` bigint(20) UNSIGNED NOT NULL,
  `return_receive_parent_id` bigint(20) UNSIGNED NOT NULL,
  `requisition_child_id` bigint(20) UNSIGNED NOT NULL,
  `return_received_quantity` decimal(15,0) NOT NULL DEFAULT 0,
  `created_at` timestamp NULL DEFAULT NULL,
  `updated_at` timestamp NULL DEFAULT NULL
) ENGINE=InnoDB DEFAULT CHARSET=utf8mb4 COLLATE=utf8mb4_unicode_ci;

-- --------------------------------------------------------

--
-- Table structure for table `return_receive_parents`
--

CREATE TABLE `return_receive_parents` (
  `id` bigint(20) UNSIGNED NOT NULL,
  `requisition_parent_id` bigint(20) UNSIGNED NOT NULL,
  `received_by` bigint(20) UNSIGNED NOT NULL,
  `return_receive_parent_id` varchar(191) COLLATE utf8mb4_unicode_ci NOT NULL,
  `return_receive_date` date NOT NULL,
  `created_at` timestamp NULL DEFAULT NULL,
  `updated_at` timestamp NULL DEFAULT NULL
) ENGINE=InnoDB DEFAULT CHARSET=utf8mb4 COLLATE=utf8mb4_unicode_ci;

-- --------------------------------------------------------

--
-- Table structure for table `roles`
--

CREATE TABLE `roles` (
  `id` bigint(20) UNSIGNED NOT NULL,
  `name` varchar(191) COLLATE utf8mb4_unicode_ci NOT NULL,
  `guard_name` varchar(191) COLLATE utf8mb4_unicode_ci NOT NULL,
  `created_at` timestamp NULL DEFAULT NULL,
  `updated_at` timestamp NULL DEFAULT NULL
) ENGINE=InnoDB DEFAULT CHARSET=utf8mb4 COLLATE=utf8mb4_unicode_ci;

--
-- Dumping data for table `roles`
--

INSERT INTO `roles` (`id`, `name`, `guard_name`, `created_at`, `updated_at`) VALUES
(1, 'SuperAdmin', 'web', '2022-02-22 01:08:47', '2022-02-22 01:08:47'),
(2, 'Requisition User', 'web', '2022-02-22 23:46:45', '2022-02-22 23:46:45'),
(3, 'Admin', 'web', '2022-02-23 00:54:08', '2022-02-23 00:54:08'),
(4, 'Departmental Approval', 'web', '2022-02-23 02:43:04', '2022-02-23 02:43:04'),
(5, 'Store Officer', 'web', '2022-02-23 02:43:43', '2022-02-23 02:43:43'),
(6, 'Administration', 'web', '2022-02-23 02:46:46', '2022-02-24 01:07:26');

-- --------------------------------------------------------

--
-- Table structure for table `role_has_permissions`
--

CREATE TABLE `role_has_permissions` (
  `permission_id` bigint(20) UNSIGNED NOT NULL,
  `role_id` bigint(20) UNSIGNED NOT NULL
) ENGINE=InnoDB DEFAULT CHARSET=utf8mb4 COLLATE=utf8mb4_unicode_ci;

--
-- Dumping data for table `role_has_permissions`
--

INSERT INTO `role_has_permissions` (`permission_id`, `role_id`) VALUES
(1, 1),
(1, 2),
(1, 3),
(1, 4),
(1, 5),
(2, 1),
(2, 2),
(2, 3),
(2, 4),
(2, 5),
(3, 1),
(3, 3),
(3, 6),
(4, 1),
(4, 3),
(4, 6),
(5, 1),
(5, 3),
(5, 6),
(6, 1),
(6, 3),
(6, 6),
(7, 1),
(7, 3),
(7, 6),
(8, 1),
(9, 1),
(10, 1),
(11, 1),
(12, 1),
(13, 1),
(14, 1),
(15, 1),
(16, 1),
(17, 1),
(18, 1),
(19, 1),
(20, 1),
(21, 1),
(22, 1),
(22, 3),
(23, 1),
(23, 3),
(24, 1),
(24, 3),
(25, 1),
(25, 3),
(26, 1),
(26, 3),
(27, 1),
(27, 3),
(28, 1),
(28, 3),
(29, 1),
(29, 3),
(30, 1),
(30, 3),
(31, 1),
(31, 3),
(32, 1),
(32, 3),
(33, 1),
(33, 3),
(34, 1),
(34, 3),
(35, 1),
(35, 3),
(36, 1),
(36, 3),
(37, 1),
(37, 3),
(38, 1),
(38, 3),
(39, 1),
(39, 3),
(40, 1),
(40, 3),
(41, 1),
(41, 3),
(42, 1),
(42, 3),
(43, 1),
(43, 3),
(44, 1),
(44, 3),
(45, 1),
(45, 3),
(46, 1),
(46, 3),
(47, 1),
(47, 3),
(48, 1),
(48, 3),
(49, 1),
(49, 3),
(50, 1),
(50, 3),
(51, 1),
(51, 3),
(52, 1),
(52, 3),
(53, 1),
(53, 3),
(54, 1),
(54, 3),
(55, 1),
(55, 3),
(56, 1),
(56, 3),
(57, 1),
(57, 3),
(58, 1),
(58, 3),
(59, 1),
(59, 3),
(60, 1),
(60, 2),
(60, 3),
(61, 1),
(61, 2),
(61, 3),
(62, 1),
(62, 2),
(62, 3),
(63, 1),
(63, 2),
(63, 3),
(64, 1),
(64, 3),
(65, 1),
(65, 3),
(66, 1),
(66, 2),
(66, 3),
(67, 1),
(67, 2),
(67, 3),
(68, 1),
(68, 3),
(68, 4),
(68, 6),
(69, 1),
(69, 3),
(69, 4),
(69, 6),
(70, 1),
(70, 3),
(70, 5),
(71, 1),
(71, 3),
(71, 5),
(72, 1),
(72, 3),
(72, 5),
(73, 1),
(73, 3),
(73, 5),
(74, 1),
(74, 3),
(74, 5),
(75, 1),
(75, 3),
(75, 5),
(76, 1),
(76, 3),
(76, 5),
(77, 1),
(77, 3),
(77, 5),
(78, 1),
(78, 3),
(78, 5),
(79, 1),
(79, 3),
(79, 5),
(80, 1),
(80, 3),
(80, 5),
(81, 1),
(81, 3),
(81, 5),
(82, 1),
(82, 3),
(82, 5),
(83, 1),
(83, 3),
(83, 5),
(84, 1),
(84, 3),
(84, 5),
(85, 1),
(85, 3),
(85, 5),
(86, 1),
(86, 3),
(86, 5),
(87, 1),
(87, 3),
(87, 5),
(88, 1),
(88, 3),
(88, 5),
(89, 1),
(89, 3),
(89, 5),
(90, 1),
(90, 3),
(90, 5),
(91, 1),
(92, 1),
(93, 1);

-- --------------------------------------------------------

--
-- Table structure for table `signitures`
--

CREATE TABLE `signitures` (
  `id` bigint(20) UNSIGNED NOT NULL,
  `created_by` bigint(20) UNSIGNED NOT NULL,
  `name` varchar(191) COLLATE utf8mb4_unicode_ci NOT NULL,
  `path` varchar(191) COLLATE utf8mb4_unicode_ci NOT NULL,
  `designation` varchar(191) COLLATE utf8mb4_unicode_ci NOT NULL,
  `department` varchar(191) COLLATE utf8mb4_unicode_ci NOT NULL,
  `institution` varchar(191) COLLATE utf8mb4_unicode_ci NOT NULL,
  `signature_status` enum('1','0') COLLATE utf8mb4_unicode_ci NOT NULL,
  `status` enum('1','0') COLLATE utf8mb4_unicode_ci NOT NULL,
  `created_at` timestamp NULL DEFAULT NULL,
  `updated_at` timestamp NULL DEFAULT NULL
) ENGINE=InnoDB DEFAULT CHARSET=utf8mb4 COLLATE=utf8mb4_unicode_ci;

--
-- Dumping data for table `signitures`
--

INSERT INTO `signitures` (`id`, `created_by`, `name`, `path`, `designation`, `department`, `institution`, `signature_status`, `status`, `created_at`, `updated_at`) VALUES
(1, 1, 'Atik', '', 'Assistant Teacher', 'IT', 'KYALSC', '1', '1', NULL, NULL),
(2, 1, 'Md. Teriqul Islam', '', 'Deputy of IT Manager & Head', 'IT', 'KYAMCH', '1', '1', NULL, NULL),
(3, 1, 'Dr. Rubaiyat Farzana Hussain', '', 'Member', 'N/A', 'KYAMCH', '1', '1', NULL, NULL);

-- --------------------------------------------------------

--
-- Table structure for table `suppliers`
--

CREATE TABLE `suppliers` (
  `id` bigint(20) UNSIGNED NOT NULL,
  `created_by` bigint(20) UNSIGNED NOT NULL,
  `supplier` varchar(191) COLLATE utf8mb4_unicode_ci NOT NULL,
  `email` varchar(191) COLLATE utf8mb4_unicode_ci DEFAULT NULL,
  `mobile` varchar(15) COLLATE utf8mb4_unicode_ci DEFAULT NULL,
  `phone` varchar(15) COLLATE utf8mb4_unicode_ci DEFAULT NULL,
  `address` text COLLATE utf8mb4_unicode_ci DEFAULT NULL,
  `website` varchar(191) COLLATE utf8mb4_unicode_ci DEFAULT NULL,
  `contact_person` varchar(191) COLLATE utf8mb4_unicode_ci DEFAULT NULL,
  `created_at` timestamp NULL DEFAULT NULL,
  `updated_at` timestamp NULL DEFAULT NULL
) ENGINE=InnoDB DEFAULT CHARSET=utf8mb4 COLLATE=utf8mb4_unicode_ci;

--
-- Dumping data for table `suppliers`
--

INSERT INTO `suppliers` (`id`, `created_by`, `supplier`, `email`, `mobile`, `phone`, `address`, `website`, `contact_person`, `created_at`, `updated_at`) VALUES
(1, 1, 'N/A', 'info@smart-bd.com', NULL, NULL, NULL, NULL, 'Smart', NULL, '2022-02-27 21:28:56');

-- --------------------------------------------------------

--
-- Table structure for table `users`
--

CREATE TABLE `users` (
  `id` bigint(20) UNSIGNED NOT NULL,
  `user_name` varchar(191) COLLATE utf8mb4_unicode_ci NOT NULL,
  `email` varchar(191) COLLATE utf8mb4_unicode_ci NOT NULL,
  `email_verified_at` timestamp NULL DEFAULT NULL,
  `password` varchar(191) COLLATE utf8mb4_unicode_ci NOT NULL,
  `department_id` bigint(20) UNSIGNED NOT NULL,
  `status` enum('1','0') COLLATE utf8mb4_unicode_ci NOT NULL,
  `remember_token` varchar(100) COLLATE utf8mb4_unicode_ci DEFAULT NULL,
  `created_at` timestamp NULL DEFAULT NULL,
  `updated_at` timestamp NULL DEFAULT NULL
) ENGINE=InnoDB DEFAULT CHARSET=utf8mb4 COLLATE=utf8mb4_unicode_ci;

--
-- Dumping data for table `users`
--

INSERT INTO `users` (`id`, `user_name`, `email`, `email_verified_at`, `password`, `department_id`, `status`, `remember_token`, `created_at`, `updated_at`) VALUES
(1, 'Milton Khan', 'srmiltonkhan@gmail.com', NULL, '$2y$10$SgSL1rCe6.VKOsXcCOPrEeLVoGZRrIQy6tlJPCbVwrhsFO715yvIq', 1, '1', NULL, '2022-02-22 01:08:57', '2022-02-22 01:08:57'),
(2, 'Sohagi Rani', 'sohagirani18@gmail.com', NULL, '$2y$10$LA2VG9gLCRGCrnR8kOFwd.3m2AsCf9kBb9mJ9Zdft/JB/F.srEUCG', 2, '1', NULL, '2022-02-22 23:47:56', '2022-02-23 00:40:38'),
(3, 'Admin', 'admin@gmail.com', NULL, '$2y$10$u/2L6g3DZzjyhaQh7uPqZuQSnWv.BSzGk5w5kC01V2jNv9Hh14rra', 1, '1', NULL, '2022-02-23 00:54:40', '2022-02-23 02:50:16'),
(4, 'Umme Honey Moly', 'molyzahan11@gmail.com', NULL, '$2y$10$ats2cuivpUAZD.gYyXjmCuCjGDYMa0U7mKpm457XVf9w2ddrf0jcK', 3, '1', NULL, '2022-02-23 02:49:47', '2022-02-23 02:50:43'),
(5, 'Hasina Khatun', 'hk.hasinakhatun@gmail.com', NULL, '$2y$10$xs05uOqq6HliQwa8Q1Q4i.faqcr0zBQkGiqP4fN648CtbrmjW0e.m', 5, '1', NULL, '2022-02-23 21:52:32', '2022-02-23 21:52:32'),
(6, 'Fatematuz Zahura', 'amyarefin@gmail.com', NULL, '$2y$10$0zGQGtOBTZ6xkQzEi8bVduXl9Do3EdkHFohRDq6CfEjtlNWv3Fxxq', 6, '1', NULL, '2022-02-23 23:06:54', '2022-02-25 23:31:39'),
(7, 'Md. Nurul Huda', 'kyalsc.enayetpur@gmail.com', NULL, '$2y$10$WMnTofazOVLu09CToNlzk.nfrdDp3RsyWqqjoPYJ5vGSN.3suWS6i', 7, '1', NULL, '2022-02-24 00:14:47', '2022-02-24 00:14:47'),
(8, 'Fatematuz Zahura', 'amyarefinart@gmail.com', NULL, '$2y$10$edEb3Fw0hlvkr/PUBWR4Le/FHubgO6NKKWDoOp3n1Z4pFShXQhpnG', 8, '1', NULL, '2022-02-25 23:32:37', '2022-02-25 23:32:37'),
(9, 'Anowar Hossain', 'primary@gmail.com', NULL, '$2y$10$l4LGiQa4WH97xD/NuAB.MOG9O2F2KWsnoM7uK55SRTdV9zHdFPG8G', 9, '1', NULL, '2022-02-26 00:14:34', '2022-02-26 00:14:34'),
(10, 'Anowar Hossain', 'highschool@gmail.com', NULL, '$2y$10$MG5Wi68UnP4.gB2OB3CqqeBXooi1ltBG.RlPl24orCFCtJnydJCxy', 10, '1', NULL, '2022-02-26 00:15:07', '2022-02-26 00:15:07'),
(11, 'Anowar Hossain', 'college@gmail.com', NULL, '$2y$10$n3mD19B9zUzx3kTlMWW6H.j18jIAV8t13GQ06OuOwIExi0WMt3cxa', 11, '1', NULL, '2022-02-26 00:15:53', '2022-02-26 00:15:53'),
(12, 'Atik Nasrullah', 'snasrullah994@gmail.com', NULL, '$2y$10$Rj9l3NYAMHkHCtfIBqfE6eTdH4rGuXoXwZx.3ZJvFGJ8N9EOVWwYq', 4, '1', NULL, '2022-02-27 00:05:21', '2022-02-27 00:41:11'),
(13, 'Mohammad Liaquat Ali Miah', 'hm.liaquat57@gmail.com', NULL, '$2y$10$9OlkUlPUD84LDT4.AG.GmuJ1NKk/xeAJ.kJsA1ZHARB8fGENPa.Tm', 3, '1', NULL, '2022-02-27 00:32:18', '2022-02-27 00:32:18'),
(14, 'Talukdar Shahriar', 'saikot031@gmail.com', NULL, '$2y$10$3EuUSH3I0wgDvKXTzbyRz.KOm21E3LnTRVwWM9poPfk9XQ.3fm5xW', 12, '1', NULL, '2022-02-27 01:09:31', '2022-02-27 01:09:31'),
(15, 'Md. Abdullah-Al-Masud', 'a2masud92@gmail.com', NULL, '$2y$10$RaBpWjnSESOHPUpJFiM44.Q3rOxrkNzg7lOC7W9UE.6NzyasmS8GW', 14, '1', NULL, '2022-02-27 20:59:09', '2022-03-04 21:54:08'),
(16, 'Ismail Hossain', 'ismail.shadelam@gmail.com', NULL, '$2y$10$cNCQSsbw0dLL.r7f.Wyc/unlTDihpTScFisn2VSUwaLraGnx.BOAW', 13, '1', NULL, '2022-02-27 20:59:52', '2022-03-04 21:52:40');

-- --------------------------------------------------------

--
-- Table structure for table `warehouses`
--

CREATE TABLE `warehouses` (
  `id` bigint(20) UNSIGNED NOT NULL,
  `product_id` bigint(20) UNSIGNED NOT NULL,
  `quantity` decimal(20,0) NOT NULL,
  `created_at` timestamp NULL DEFAULT NULL,
  `updated_at` timestamp NULL DEFAULT NULL
) ENGINE=InnoDB DEFAULT CHARSET=utf8mb4 COLLATE=utf8mb4_unicode_ci;

--
-- Dumping data for table `warehouses`
--

INSERT INTO `warehouses` (`id`, `product_id`, `quantity`, `created_at`, `updated_at`) VALUES
(1, 2, '0', '2022-02-22 02:12:29', '2022-02-27 00:28:26'),
(2, 3, '0', '2022-02-22 02:12:29', '2022-02-24 00:38:07'),
(3, 5, '16', '2022-02-22 23:57:52', '2022-02-27 00:38:37'),
(4, 8, '0', '2022-02-22 23:57:52', '2022-02-27 00:28:26'),
(5, 9, '0', '2022-02-22 23:57:52', '2022-02-23 00:39:11'),
(6, 10, '0', '2022-02-22 23:57:52', '2022-02-27 00:28:25'),
(7, 11, '0', '2022-02-22 23:57:53', '2022-02-27 00:38:37'),
(8, 12, '0', '2022-02-22 23:57:53', '2022-02-26 00:01:30'),
(9, 13, '0', '2022-02-22 23:57:53', '2022-02-23 22:13:41'),
(10, 14, '0', '2022-02-22 23:57:53', '2022-02-23 00:58:17'),
(11, 15, '0', '2022-02-22 23:57:53', '2022-02-27 00:28:26'),
(12, 16, '0', '2022-02-22 23:57:53', '2022-02-23 00:38:57'),
(13, 17, '0', '2022-02-22 23:57:53', '2022-02-23 00:38:57'),
(14, 18, '0', '2022-02-22 23:57:53', '2022-02-23 00:38:58'),
(15, 19, '0', '2022-02-22 23:57:53', '2022-02-23 00:38:58'),
(16, 20, '0', '2022-02-22 23:57:53', '2022-02-23 00:38:58'),
(17, 21, '0', '2022-02-22 23:57:53', '2022-02-23 00:38:58'),
(18, 22, '0', '2022-02-22 23:57:53', '2022-02-23 00:38:58'),
(19, 23, '0', '2022-02-22 23:57:53', '2022-02-23 00:38:58'),
(20, 25, '0', '2022-02-22 23:57:53', '2022-02-23 00:38:58'),
(21, 26, '0', '2022-02-22 23:57:54', '2022-02-23 00:38:59'),
(22, 27, '0', '2022-02-22 23:57:54', '2022-02-23 00:38:59'),
(23, 28, '0', '2022-02-22 23:57:54', '2022-02-23 00:38:32'),
(24, 6, '0', '2022-02-22 23:57:54', '2022-02-23 00:38:32'),
(25, 29, '0', '2022-02-22 23:57:54', '2022-02-23 00:38:32'),
(26, 30, '0', '2022-02-23 00:12:29', '2022-02-23 00:38:57'),
(27, 31, '0', '2022-02-23 00:22:01', '2022-02-27 00:28:25'),
(28, 32, '0', '2022-02-23 21:39:08', '2022-02-23 22:13:41'),
(29, 37, '0', '2022-02-23 21:48:05', '2022-02-23 22:13:41'),
(30, 34, '0', '2022-02-23 21:48:05', '2022-02-23 22:13:41'),
(31, 40, '0', '2022-02-23 21:49:42', '2022-02-23 22:13:41'),
(32, 35, '0', '2022-02-23 21:49:42', '2022-02-23 22:13:42'),
(33, 36, '0', '2022-02-23 21:49:42', '2022-02-23 22:13:42'),
(34, 38, '0', '2022-02-23 21:49:42', '2022-02-23 22:13:42'),
(35, 39, '0', '2022-02-23 21:49:42', '2022-02-23 22:13:42'),
(36, 33, '0', '2022-02-23 21:51:06', '2022-02-23 22:13:42'),
(37, 41, '0', '2022-02-23 22:31:13', '2022-02-23 23:14:53'),
(38, 42, '0', '2022-02-23 22:31:13', '2022-02-23 23:14:53'),
(39, 44, '6', '2022-02-23 22:31:13', '2022-02-23 23:14:54'),
(40, 49, '0', '2022-02-23 22:34:15', '2022-02-23 23:14:53'),
(41, 50, '0', '2022-02-23 22:34:15', '2022-02-23 23:14:53'),
(42, 51, '0', '2022-02-23 22:34:15', '2022-02-23 23:14:53'),
(43, 43, '0', '2022-02-23 22:34:15', '2022-02-23 23:14:53'),
(44, 45, '0', '2022-02-23 22:34:15', '2022-02-23 23:14:54'),
(45, 47, '1', '2022-02-23 22:34:15', '2022-02-23 22:34:15'),
(46, 48, '0', '2022-02-23 22:34:15', '2022-02-23 23:14:54'),
(47, 52, '0', '2022-02-23 22:36:00', '2022-02-23 23:14:54'),
(48, 53, '0', '2022-02-24 00:09:43', '2022-02-24 00:38:07'),
(49, 54, '0', '2022-02-24 00:09:43', '2022-02-24 00:38:07'),
(50, 55, '9', '2022-02-24 00:09:43', '2022-02-26 03:55:24'),
(51, 56, '0', '2022-02-24 00:09:43', '2022-02-27 00:38:37'),
(52, 57, '0', '2022-02-24 00:09:43', '2022-02-24 00:38:07'),
(53, 58, '0', '2022-02-24 00:09:43', '2022-02-24 00:38:08'),
(54, 59, '0', '2022-02-24 00:09:43', '2022-02-24 00:38:08'),
(55, 60, '0', '2022-02-24 00:09:43', '2022-02-24 00:38:08'),
(56, 62, '0', '2022-02-24 00:09:43', '2022-02-24 00:38:08'),
(57, 61, '0', '2022-02-24 00:09:43', '2022-02-24 00:38:08'),
(58, 65, '7', '2022-02-24 00:12:55', '2022-02-24 01:16:25'),
(59, 64, '0', '2022-02-24 00:12:55', '2022-02-24 00:38:08'),
(60, 63, '8', '2022-02-24 00:12:55', '2022-02-24 01:16:26'),
(61, 66, '1', '2022-02-24 00:36:23', '2022-02-27 00:38:37'),
(62, 69, '0', '2022-02-24 01:02:54', '2022-02-24 01:16:25'),
(63, 71, '0', '2022-02-24 01:06:15', '2022-02-24 01:16:26'),
(64, 70, '0', '2022-02-24 01:11:47', '2022-02-24 01:16:13'),
(65, 67, '0', '2022-02-24 01:15:05', '2022-02-24 01:16:07'),
(66, 72, '76', '2022-02-25 23:27:36', '2022-02-26 23:03:15'),
(67, 73, '0', '2022-02-25 23:27:36', '2022-02-26 00:01:30'),
(68, 74, '0', '2022-02-25 23:27:36', '2022-02-26 00:01:30'),
(69, 75, '0', '2022-02-25 23:55:46', '2022-02-26 00:01:48'),
(70, 86, '0', '2022-02-25 23:55:46', '2022-02-26 00:01:48'),
(71, 76, '0', '2022-02-25 23:55:46', '2022-02-26 00:01:48'),
(72, 78, '0', '2022-02-25 23:55:46', '2022-02-26 00:01:48'),
(73, 79, '0', '2022-02-25 23:55:46', '2022-02-26 00:01:48'),
(74, 80, '0', '2022-02-25 23:55:46', '2022-02-26 00:01:49'),
(75, 81, '0', '2022-02-25 23:55:46', '2022-02-26 00:02:01'),
(76, 82, '0', '2022-02-25 23:55:47', '2022-02-26 00:02:02'),
(77, 83, '0', '2022-02-25 23:55:47', '2022-02-26 00:02:02'),
(78, 84, '4', '2022-02-25 23:55:47', '2022-02-26 00:02:02'),
(79, 85, '0', '2022-02-25 23:55:47', '2022-02-26 00:02:02'),
(80, 88, '76', '2022-02-26 00:40:54', '2022-02-26 23:03:15'),
(81, 90, '10', '2022-02-26 00:42:59', '2022-02-26 23:03:15'),
(82, 89, '4', '2022-02-26 00:42:59', '2022-02-27 00:38:37'),
(83, 87, '31', '2022-02-26 00:42:59', '2022-02-26 23:02:45'),
(84, 91, '0', '2022-02-26 00:55:24', '2022-02-26 23:03:15'),
(85, 92, '10', '2022-02-26 00:55:24', '2022-02-26 23:03:15'),
(86, 93, '0', '2022-02-26 00:55:24', '2022-02-26 23:03:15'),
(87, 94, '0', '2022-02-26 00:55:24', '2022-02-26 03:32:38'),
(88, 95, '5', '2022-02-26 00:55:24', '2022-02-26 23:03:16'),
(89, 7, '12', '2022-02-26 03:18:41', '2022-02-26 20:55:48'),
(90, 96, '4', '2022-02-26 21:27:29', '2022-02-26 23:03:15'),
(91, 98, '0', '2022-02-27 00:18:07', '2022-02-27 00:28:25'),
(92, 1, '0', '2022-02-27 00:18:07', '2022-02-27 00:28:26'),
(93, 97, '0', '2022-02-27 00:21:19', '2022-02-27 00:28:25'),
(94, 99, '0', '2022-02-27 00:35:01', '2022-02-27 00:38:37'),
(95, 100, '0', '2022-02-27 00:35:01', '2022-02-27 00:38:37'),
(96, 101, '0', '2022-02-27 00:35:56', '2022-02-27 00:38:36'),
(97, 102, '0', '2022-02-27 21:21:59', '2022-02-27 23:40:07'),
(98, 103, '0', '2022-02-27 21:21:59', '2022-02-27 23:40:07'),
(99, 105, '0', '2022-02-27 21:21:59', '2022-02-27 23:40:07'),
(100, 104, '0', '2022-02-27 21:21:59', '2022-02-27 23:40:07'),
(101, 106, '0', '2022-02-27 21:21:59', '2022-02-27 23:40:08'),
(102, 107, '0', '2022-02-27 21:21:59', '2022-02-27 23:40:08'),
(103, 108, '0', '2022-02-27 21:21:59', '2022-02-27 23:40:08'),
(104, 109, '0', '2022-02-27 21:21:59', '2022-02-27 23:40:08'),
(105, 110, '0', '2022-02-27 21:21:59', '2022-02-27 23:40:08'),
(106, 116, '0', '2022-02-27 21:27:12', '2022-02-27 23:40:08'),
(107, 111, '0', '2022-02-27 21:27:12', '2022-02-27 23:40:08'),
(108, 112, '0', '2022-02-27 21:27:12', '2022-02-27 23:40:09'),
(109, 113, '0', '2022-02-27 21:27:12', '2022-02-27 23:40:09'),
(110, 114, '0', '2022-02-27 21:27:12', '2022-02-27 23:40:09'),
(111, 115, '0', '2022-02-27 21:27:12', '2022-02-27 23:40:09'),
(112, 117, '0', '2022-02-27 23:20:07', '2022-02-27 23:39:25'),
(113, 118, '0', '2022-02-27 23:20:07', '2022-02-27 23:39:25'),
(114, 119, '0', '2022-02-27 23:20:07', '2022-02-27 23:39:26'),
(115, 121, '0', '2022-02-27 23:20:07', '2022-02-27 23:39:26'),
(116, 120, '0', '2022-02-27 23:20:07', '2022-02-27 23:39:26'),
(117, 122, '0', '2022-02-27 23:20:07', '2022-02-27 23:39:26'),
(118, 123, '26', '2022-02-27 23:20:07', '2022-02-27 23:20:07'),
(119, 124, '0', '2022-02-27 23:20:07', '2022-02-27 23:39:26'),
(120, 125, '0', '2022-02-27 23:20:07', '2022-02-27 23:39:26'),
(121, 126, '0', '2022-02-27 23:20:07', '2022-02-27 23:39:26'),
(122, 127, '0', '2022-02-27 23:20:07', '2022-02-27 23:39:27'),
(123, 128, '0', '2022-02-27 23:20:07', '2022-02-27 23:39:27'),
(124, 129, '0', '2022-02-27 23:20:07', '2022-02-27 23:39:27'),
(125, 130, '0', '2022-02-27 23:20:08', '2022-02-27 23:39:27'),
(126, 131, '0', '2022-02-27 23:20:08', '2022-02-27 23:39:28'),
(127, 133, '0', '2022-02-27 23:20:08', '2022-02-27 23:39:28'),
(128, 132, '0', '2022-02-27 23:20:08', '2022-02-27 23:39:28'),
(129, 134, '0', '2022-02-27 23:20:08', '2022-02-27 23:39:28'),
(130, 135, '0', '2022-02-27 23:20:08', '2022-02-27 23:39:28'),
(131, 136, '0', '2022-02-27 23:20:08', '2022-02-27 23:39:28'),
(132, 137, '0', '2022-02-27 23:20:08', '2022-02-27 23:39:29'),
(133, 138, '0', '2022-02-27 23:20:08', '2022-02-27 23:39:29'),
(134, 139, '0', '2022-02-27 23:20:08', '2022-02-27 23:39:29'),
(135, 140, '0', '2022-02-27 23:20:08', '2022-02-27 23:39:29'),
(136, 141, '0', '2022-02-27 23:20:08', '2022-02-27 23:39:29'),
(137, 142, '0', '2022-02-27 23:20:08', '2022-02-27 23:39:29'),
(138, 143, '0', '2022-02-27 23:20:08', '2022-02-27 23:39:30'),
(139, 144, '0', '2022-02-27 23:20:09', '2022-02-27 23:39:30'),
(140, 145, '0', '2022-02-27 23:20:09', '2022-02-27 23:39:30'),
(141, 146, '0', '2022-02-27 23:20:09', '2022-02-27 23:39:30'),
(142, 147, '0', '2022-02-27 23:20:09', '2022-02-27 23:39:30'),
(143, 148, '0', '2022-02-27 23:20:09', '2022-02-27 23:39:30'),
(144, 149, '0', '2022-02-27 23:20:09', '2022-02-27 23:39:31'),
(145, 150, '0', '2022-02-27 23:20:09', '2022-02-27 23:39:31'),
(146, 151, '0', '2022-02-27 23:20:09', '2022-02-27 23:39:31'),
(147, 152, '0', '2022-02-27 23:20:09', '2022-02-27 23:39:31'),
(148, 153, '0', '2022-02-27 23:20:09', '2022-02-27 23:39:31'),
(149, 154, '0', '2022-02-27 23:20:09', '2022-02-27 23:39:32'),
(150, 155, '0', '2022-02-27 23:20:09', '2022-02-27 23:39:32'),
(151, 156, '0', '2022-02-27 23:20:09', '2022-02-27 23:39:32'),
(152, 157, '0', '2022-02-27 23:20:09', '2022-02-27 23:39:32'),
(153, 158, '0', '2022-02-27 23:20:09', '2022-02-27 23:39:32'),
(154, 159, '0', '2022-02-27 23:20:09', '2022-02-27 23:39:32'),
(155, 160, '0', '2022-02-27 23:20:09', '2022-02-27 23:39:33'),
(156, 161, '0', '2022-02-27 23:20:10', '2022-02-27 23:39:33'),
(157, 162, '0', '2022-02-27 23:20:10', '2022-02-27 23:39:33'),
(158, 163, '0', '2022-02-27 23:20:10', '2022-02-27 23:39:33'),
(159, 164, '0', '2022-02-27 23:20:10', '2022-02-27 23:39:33'),
(160, 165, '0', '2022-02-27 23:20:10', '2022-02-27 23:39:33'),
(161, 166, '0', '2022-02-28 00:52:58', '2022-02-28 02:46:21'),
(162, 167, '0', '2022-02-28 00:52:58', '2022-02-28 02:46:22'),
(163, 169, '0', '2022-02-28 00:52:59', '2022-02-28 02:46:22'),
(164, 168, '0', '2022-02-28 00:52:59', '2022-02-28 02:46:22'),
(165, 170, '0', '2022-02-28 00:52:59', '2022-02-28 02:46:22'),
(166, 171, '0', '2022-02-28 00:52:59', '2022-02-28 02:46:22'),
(167, 172, '0', '2022-02-28 00:52:59', '2022-02-28 02:46:22'),
(168, 173, '0', '2022-02-28 00:52:59', '2022-02-28 02:46:23'),
(169, 174, '0', '2022-02-28 00:52:59', '2022-02-28 02:46:23'),
(170, 175, '0', '2022-02-28 00:52:59', '2022-02-28 02:46:23'),
(171, 176, '0', '2022-02-28 00:52:59', '2022-02-28 02:46:23'),
(172, 177, '0', '2022-02-28 00:52:59', '2022-02-28 02:46:23'),
(173, 178, '0', '2022-02-28 00:52:59', '2022-02-28 02:46:23'),
(174, 179, '0', '2022-02-28 00:52:59', '2022-02-28 02:46:24'),
(175, 180, '0', '2022-02-28 00:52:59', '2022-02-28 02:46:24'),
(176, 181, '0', '2022-02-28 00:52:59', '2022-02-28 02:46:24'),
(177, 183, '0', '2022-02-28 00:52:59', '2022-02-28 02:46:24'),
(178, 182, '0', '2022-02-28 00:53:00', '2022-02-28 02:46:24'),
(179, 185, '0', '2022-02-28 00:53:00', '2022-02-28 02:46:24'),
(180, 184, '0', '2022-02-28 00:53:00', '2022-02-28 02:46:25'),
(181, 186, '0', '2022-02-28 00:53:00', '2022-02-28 02:46:25'),
(182, 187, '0', '2022-02-28 00:53:00', '2022-02-28 02:46:25'),
(183, 188, '0', '2022-02-28 00:53:00', '2022-02-28 02:46:25'),
(184, 189, '0', '2022-02-28 00:53:00', '2022-02-28 02:46:25'),
(185, 190, '0', '2022-02-28 00:53:00', '2022-02-28 02:46:25'),
(186, 191, '0', '2022-02-28 00:53:00', '2022-02-28 02:46:26'),
(187, 192, '0', '2022-02-28 00:53:00', '2022-02-28 02:46:26'),
(188, 193, '0', '2022-02-28 00:53:00', '2022-02-28 02:46:26'),
(189, 194, '0', '2022-02-28 00:53:00', '2022-02-28 02:46:26'),
(190, 195, '0', '2022-02-28 00:53:00', '2022-02-28 02:46:26'),
(191, 196, '0', '2022-02-28 00:53:00', '2022-02-28 02:46:26'),
(192, 197, '0', '2022-02-28 00:53:00', '2022-02-28 02:46:27'),
(193, 198, '0', '2022-02-28 00:53:00', '2022-02-28 02:46:27'),
(194, 199, '0', '2022-02-28 00:53:00', '2022-02-28 02:46:27'),
(195, 200, '0', '2022-03-04 20:33:53', '2022-03-04 21:41:13'),
(196, 201, '0', '2022-03-04 20:34:11', '2022-03-04 21:41:13'),
(197, 202, '0', '2022-03-04 20:36:34', '2022-03-04 21:41:13'),
(198, 258, '0', '2022-03-04 20:37:46', '2022-03-04 21:41:13'),
(199, 203, '0', '2022-03-04 20:37:58', '2022-03-04 21:41:13'),
(200, 204, '0', '2022-03-04 20:38:14', '2022-03-04 21:41:14'),
(201, 205, '0', '2022-03-04 20:38:28', '2022-03-04 21:41:14'),
(202, 206, '0', '2022-03-04 20:38:40', '2022-03-04 21:41:14'),
(203, 207, '0', '2022-03-04 20:39:07', '2022-03-04 21:41:14'),
(204, 208, '0', '2022-03-04 20:39:23', '2022-03-04 21:41:14'),
(205, 210, '0', '2022-03-04 20:39:50', '2022-03-04 21:41:14'),
(206, 211, '0', '2022-03-04 20:40:33', '2022-03-04 21:41:14'),
(207, 212, '0', '2022-03-04 20:40:59', '2022-03-04 21:41:15'),
(208, 213, '0', '2022-03-04 20:41:22', '2022-03-04 21:41:15'),
(209, 214, '0', '2022-03-04 20:41:36', '2022-03-04 21:41:15'),
(210, 215, '0', '2022-03-04 20:41:59', '2022-03-04 21:41:15'),
(211, 216, '0', '2022-03-04 20:42:15', '2022-03-04 21:41:15'),
(212, 217, '0', '2022-03-04 20:42:29', '2022-03-04 21:41:15'),
(213, 218, '0', '2022-03-04 20:42:49', '2022-03-04 21:41:16'),
(214, 219, '0', '2022-03-04 20:43:06', '2022-03-04 21:41:16'),
(215, 220, '0', '2022-03-04 20:43:26', '2022-03-04 21:41:16'),
(216, 221, '0', '2022-03-04 20:43:57', '2022-03-04 21:41:16'),
(217, 222, '0', '2022-03-04 20:44:17', '2022-03-04 21:41:16'),
(218, 223, '0', '2022-03-04 20:44:31', '2022-03-04 21:41:17'),
(219, 224, '0', '2022-03-04 20:44:44', '2022-03-04 21:41:17'),
(220, 225, '0', '2022-03-04 20:44:58', '2022-03-04 21:40:32'),
(221, 226, '0', '2022-03-04 20:45:12', '2022-03-04 21:40:32'),
(222, 227, '0', '2022-03-04 20:45:31', '2022-03-04 21:40:33'),
(223, 228, '0', '2022-03-04 20:45:42', '2022-03-04 21:40:33'),
(224, 229, '0', '2022-03-04 20:46:02', '2022-03-04 21:40:33'),
(225, 230, '0', '2022-03-04 20:46:13', '2022-03-04 21:40:33'),
(226, 231, '0', '2022-03-04 20:46:31', '2022-03-04 21:40:33'),
(227, 232, '0', '2022-03-04 20:46:43', '2022-03-04 21:40:33'),
(228, 233, '0', '2022-03-04 20:46:55', '2022-03-04 21:40:33'),
(229, 234, '0', '2022-03-04 20:47:08', '2022-03-04 21:40:34'),
(230, 235, '0', '2022-03-04 20:48:09', '2022-03-04 21:40:34'),
(231, 236, '0', '2022-03-04 20:48:52', '2022-03-04 21:40:34'),
(232, 237, '0', '2022-03-04 20:49:12', '2022-03-04 21:40:34'),
(233, 238, '0', '2022-03-04 20:49:29', '2022-03-04 21:40:34'),
(234, 239, '0', '2022-03-04 20:49:48', '2022-03-04 21:40:34'),
(235, 240, '0', '2022-03-04 20:50:02', '2022-03-04 21:40:34'),
(236, 241, '0', '2022-03-04 20:50:13', '2022-03-04 21:40:35'),
(237, 242, '0', '2022-03-04 20:50:26', '2022-03-04 21:40:35'),
(238, 243, '0', '2022-03-04 20:50:37', '2022-03-04 21:40:35'),
(239, 244, '0', '2022-03-04 21:11:35', '2022-03-04 21:40:35'),
(240, 245, '0', '2022-03-04 21:11:47', '2022-03-04 21:40:35'),
(241, 246, '0', '2022-03-04 21:12:00', '2022-03-04 21:40:35'),
(242, 248, '0', '2022-03-04 21:12:14', '2022-03-04 21:40:36'),
(243, 249, '0', '2022-03-04 21:12:26', '2022-03-04 21:40:36'),
(244, 247, '0', '2022-03-04 21:12:36', '2022-03-04 21:40:36'),
(245, 250, '0', '2022-03-04 21:12:47', '2022-03-04 21:40:36'),
(246, 251, '0', '2022-03-04 21:12:57', '2022-03-04 21:40:36'),
(247, 252, '0', '2022-03-04 21:13:08', '2022-03-04 21:40:37'),
(248, 253, '0', '2022-03-04 21:13:20', '2022-03-04 21:40:37'),
(249, 254, '0', '2022-03-04 21:13:37', '2022-03-04 21:40:37'),
(250, 255, '0', '2022-03-04 21:14:18', '2022-03-04 21:40:37'),
(251, 256, '0', '2022-03-04 21:14:29', '2022-03-04 21:40:37'),
(252, 257, '0', '2022-03-04 21:15:24', '2022-03-04 21:40:37'),
(253, 209, '0', '2022-03-04 21:28:40', '2022-03-04 21:40:32');

--
-- Indexes for dumped tables
--

--
-- Indexes for table `damage_receive_childs`
--
ALTER TABLE `damage_receive_childs`
  ADD PRIMARY KEY (`id`),
  ADD KEY `damage_receive_childs_damage_receive_parent_id_foreign` (`damage_receive_parent_id`),
  ADD KEY `damage_receive_childs_requisition_child_id_foreign` (`requisition_child_id`);

--
-- Indexes for table `damage_receive_parents`
--
ALTER TABLE `damage_receive_parents`
  ADD PRIMARY KEY (`id`),
  ADD UNIQUE KEY `damage_receive_parents_damage_receive_parent_id_unique` (`damage_receive_parent_id`),
  ADD KEY `damage_receive_parents_requisition_parent_id_foreign` (`requisition_parent_id`),
  ADD KEY `damage_receive_parents_received_by_foreign` (`received_by`);

--
-- Indexes for table `departments`
--
ALTER TABLE `departments`
  ADD PRIMARY KEY (`id`);

--
-- Indexes for table `failed_jobs`
--
ALTER TABLE `failed_jobs`
  ADD PRIMARY KEY (`id`),
  ADD UNIQUE KEY `failed_jobs_uuid_unique` (`uuid`);

--
-- Indexes for table `issued_list_childs`
--
ALTER TABLE `issued_list_childs`
  ADD PRIMARY KEY (`id`),
  ADD KEY `issued_list_childs_requisition_child_id_foreign` (`requisition_child_id`),
  ADD KEY `issued_list_childs_issued_list_parents_id_foreign` (`issued_list_parents_id`);

--
-- Indexes for table `issued_list_parents`
--
ALTER TABLE `issued_list_parents`
  ADD PRIMARY KEY (`id`),
  ADD KEY `issued_list_parents_issued_by_foreign` (`issued_by`),
  ADD KEY `issued_list_parents_requisition_vou_no_foreign` (`requisition_vou_no`);

--
-- Indexes for table `migrations`
--
ALTER TABLE `migrations`
  ADD PRIMARY KEY (`id`);

--
-- Indexes for table `model_has_permissions`
--
ALTER TABLE `model_has_permissions`
  ADD PRIMARY KEY (`permission_id`,`model_id`,`model_type`),
  ADD KEY `model_has_permissions_model_id_model_type_index` (`model_id`,`model_type`);

--
-- Indexes for table `model_has_roles`
--
ALTER TABLE `model_has_roles`
  ADD PRIMARY KEY (`role_id`,`model_id`,`model_type`),
  ADD KEY `model_has_roles_model_id_model_type_index` (`model_id`,`model_type`);

--
-- Indexes for table `password_resets`
--
ALTER TABLE `password_resets`
  ADD KEY `password_resets_email_index` (`email`);

--
-- Indexes for table `permissions`
--
ALTER TABLE `permissions`
  ADD PRIMARY KEY (`id`),
  ADD UNIQUE KEY `permissions_name_guard_name_unique` (`name`,`guard_name`);

--
-- Indexes for table `personal_access_tokens`
--
ALTER TABLE `personal_access_tokens`
  ADD PRIMARY KEY (`id`),
  ADD UNIQUE KEY `personal_access_tokens_token_unique` (`token`),
  ADD KEY `personal_access_tokens_tokenable_type_tokenable_id_index` (`tokenable_type`,`tokenable_id`);

--
-- Indexes for table `products`
--
ALTER TABLE `products`
  ADD PRIMARY KEY (`id`),
  ADD UNIQUE KEY `products_sku_unique` (`sku`),
  ADD KEY `products_product_type_name_foreign` (`product_type_name`),
  ADD KEY `products_brand_name_foreign` (`brand_name`),
  ADD KEY `products_created_by_foreign` (`created_by`),
  ADD KEY `products_unit_id_foreign` (`unit_id`);

--
-- Indexes for table `product_brands`
--
ALTER TABLE `product_brands`
  ADD PRIMARY KEY (`id`),
  ADD KEY `product_brands_created_by_foreign` (`created_by`);

--
-- Indexes for table `product_categories`
--
ALTER TABLE `product_categories`
  ADD PRIMARY KEY (`id`),
  ADD KEY `product_categories_created_by_foreign` (`created_by`);

--
-- Indexes for table `product_types`
--
ALTER TABLE `product_types`
  ADD PRIMARY KEY (`id`),
  ADD KEY `product_types_product_category_foreign` (`product_category`),
  ADD KEY `product_types_created_by_foreign` (`created_by`);

--
-- Indexes for table `product_units`
--
ALTER TABLE `product_units`
  ADD PRIMARY KEY (`id`),
  ADD KEY `product_units_created_by_foreign` (`created_by`);

--
-- Indexes for table `purchases_child_tbl`
--
ALTER TABLE `purchases_child_tbl`
  ADD PRIMARY KEY (`id`),
  ADD KEY `purchases_child_tbl_purchase_parent_id_foreign` (`purchase_parent_id`),
  ADD KEY `purchases_child_tbl_product_id_foreign` (`product_id`);

--
-- Indexes for table `purchases_parent_tbl`
--
ALTER TABLE `purchases_parent_tbl`
  ADD PRIMARY KEY (`id`),
  ADD UNIQUE KEY `purchases_parent_tbl_invoice_no_unique` (`invoice_no`),
  ADD KEY `purchases_parent_tbl_created_by_foreign` (`created_by`),
  ADD KEY `purchases_parent_tbl_supplier_id_foreign` (`supplier_id`),
  ADD KEY `purchases_parent_tbl_purchase_order_no_foreign` (`purchase_order_no`);

--
-- Indexes for table `purchase_order_childs`
--
ALTER TABLE `purchase_order_childs`
  ADD PRIMARY KEY (`id`),
  ADD KEY `purchase_order_childs_product_id_foreign` (`product_id`),
  ADD KEY `purchase_order_childs_purchase_order_no_foreign` (`purchase_order_no`);

--
-- Indexes for table `purchase_order_parents`
--
ALTER TABLE `purchase_order_parents`
  ADD PRIMARY KEY (`id`),
  ADD UNIQUE KEY `purchase_order_parents_purchase_order_no_unique` (`purchase_order_no`),
  ADD KEY `purchase_order_parents_prepared_by_foreign` (`prepared_by`);

--
-- Indexes for table `requisition_childs`
--
ALTER TABLE `requisition_childs`
  ADD PRIMARY KEY (`id`),
  ADD KEY `requisition_childs_product_id_foreign` (`product_id`),
  ADD KEY `requisition_childs_requisition_parent_id_foreign` (`requisition_parent_id`);

--
-- Indexes for table `requisition_parents`
--
ALTER TABLE `requisition_parents`
  ADD PRIMARY KEY (`id`),
  ADD KEY `requisition_parents_requisition_by_foreign` (`requisition_by`);

--
-- Indexes for table `return_receive_childs`
--
ALTER TABLE `return_receive_childs`
  ADD PRIMARY KEY (`id`),
  ADD KEY `return_receive_childs_requisition_child_id_foreign` (`requisition_child_id`),
  ADD KEY `return_receive_childs_return_receive_parent_id_foreign` (`return_receive_parent_id`);

--
-- Indexes for table `return_receive_parents`
--
ALTER TABLE `return_receive_parents`
  ADD PRIMARY KEY (`id`),
  ADD UNIQUE KEY `return_receive_parents_return_receive_parent_id_unique` (`return_receive_parent_id`),
  ADD KEY `return_receive_parents_received_by_foreign` (`received_by`),
  ADD KEY `return_receive_parents_requisition_parent_id_foreign` (`requisition_parent_id`);

--
-- Indexes for table `roles`
--
ALTER TABLE `roles`
  ADD PRIMARY KEY (`id`),
  ADD UNIQUE KEY `roles_name_guard_name_unique` (`name`,`guard_name`);

--
-- Indexes for table `role_has_permissions`
--
ALTER TABLE `role_has_permissions`
  ADD PRIMARY KEY (`permission_id`,`role_id`),
  ADD KEY `role_has_permissions_role_id_foreign` (`role_id`);

--
-- Indexes for table `signitures`
--
ALTER TABLE `signitures`
  ADD PRIMARY KEY (`id`),
  ADD KEY `signitures_created_by_foreign` (`created_by`);

--
-- Indexes for table `suppliers`
--
ALTER TABLE `suppliers`
  ADD PRIMARY KEY (`id`),
  ADD KEY `suppliers_created_by_foreign` (`created_by`);

--
-- Indexes for table `users`
--
ALTER TABLE `users`
  ADD PRIMARY KEY (`id`),
  ADD UNIQUE KEY `users_email_unique` (`email`),
  ADD KEY `users_department_id_foreign` (`department_id`);

--
-- Indexes for table `warehouses`
--
ALTER TABLE `warehouses`
  ADD PRIMARY KEY (`id`),
  ADD KEY `warehouses_product_id_foreign` (`product_id`);

--
-- AUTO_INCREMENT for dumped tables
--

--
-- AUTO_INCREMENT for table `damage_receive_childs`
--
ALTER TABLE `damage_receive_childs`
  MODIFY `id` bigint(20) UNSIGNED NOT NULL AUTO_INCREMENT;

--
-- AUTO_INCREMENT for table `damage_receive_parents`
--
ALTER TABLE `damage_receive_parents`
  MODIFY `id` bigint(20) UNSIGNED NOT NULL AUTO_INCREMENT;

--
-- AUTO_INCREMENT for table `departments`
--
ALTER TABLE `departments`
  MODIFY `id` bigint(20) UNSIGNED NOT NULL AUTO_INCREMENT, AUTO_INCREMENT=15;

--
-- AUTO_INCREMENT for table `failed_jobs`
--
ALTER TABLE `failed_jobs`
  MODIFY `id` bigint(20) UNSIGNED NOT NULL AUTO_INCREMENT;

--
-- AUTO_INCREMENT for table `issued_list_childs`
--
ALTER TABLE `issued_list_childs`
  MODIFY `id` bigint(20) UNSIGNED NOT NULL AUTO_INCREMENT, AUTO_INCREMENT=515;

--
-- AUTO_INCREMENT for table `issued_list_parents`
--
ALTER TABLE `issued_list_parents`
  MODIFY `id` bigint(20) UNSIGNED NOT NULL AUTO_INCREMENT, AUTO_INCREMENT=64;

--
-- AUTO_INCREMENT for table `migrations`
--
ALTER TABLE `migrations`
  MODIFY `id` int(10) UNSIGNED NOT NULL AUTO_INCREMENT, AUTO_INCREMENT=21;

--
-- AUTO_INCREMENT for table `permissions`
--
ALTER TABLE `permissions`
  MODIFY `id` bigint(20) UNSIGNED NOT NULL AUTO_INCREMENT, AUTO_INCREMENT=94;

--
-- AUTO_INCREMENT for table `personal_access_tokens`
--
ALTER TABLE `personal_access_tokens`
  MODIFY `id` bigint(20) UNSIGNED NOT NULL AUTO_INCREMENT;

--
-- AUTO_INCREMENT for table `products`
--
ALTER TABLE `products`
  MODIFY `id` bigint(20) UNSIGNED NOT NULL AUTO_INCREMENT, AUTO_INCREMENT=259;

--
-- AUTO_INCREMENT for table `product_brands`
--
ALTER TABLE `product_brands`
  MODIFY `id` bigint(20) UNSIGNED NOT NULL AUTO_INCREMENT, AUTO_INCREMENT=29;

--
-- AUTO_INCREMENT for table `product_categories`
--
ALTER TABLE `product_categories`
  MODIFY `id` bigint(20) UNSIGNED NOT NULL AUTO_INCREMENT, AUTO_INCREMENT=16;

--
-- AUTO_INCREMENT for table `product_types`
--
ALTER TABLE `product_types`
  MODIFY `id` bigint(20) UNSIGNED NOT NULL AUTO_INCREMENT, AUTO_INCREMENT=86;

--
-- AUTO_INCREMENT for table `product_units`
--
ALTER TABLE `product_units`
  MODIFY `id` bigint(20) UNSIGNED NOT NULL AUTO_INCREMENT, AUTO_INCREMENT=19;

--
-- AUTO_INCREMENT for table `purchases_child_tbl`
--
ALTER TABLE `purchases_child_tbl`
  MODIFY `id` bigint(20) UNSIGNED NOT NULL AUTO_INCREMENT, AUTO_INCREMENT=313;

--
-- AUTO_INCREMENT for table `purchases_parent_tbl`
--
ALTER TABLE `purchases_parent_tbl`
  MODIFY `id` bigint(20) UNSIGNED NOT NULL AUTO_INCREMENT, AUTO_INCREMENT=45;

--
-- AUTO_INCREMENT for table `purchase_order_childs`
--
ALTER TABLE `purchase_order_childs`
  MODIFY `id` bigint(20) UNSIGNED NOT NULL AUTO_INCREMENT;

--
-- AUTO_INCREMENT for table `purchase_order_parents`
--
ALTER TABLE `purchase_order_parents`
  MODIFY `id` bigint(20) UNSIGNED NOT NULL AUTO_INCREMENT, AUTO_INCREMENT=2;

--
-- AUTO_INCREMENT for table `requisition_childs`
--
ALTER TABLE `requisition_childs`
  MODIFY `id` bigint(20) UNSIGNED NOT NULL AUTO_INCREMENT, AUTO_INCREMENT=511;

--
-- AUTO_INCREMENT for table `requisition_parents`
--
ALTER TABLE `requisition_parents`
  MODIFY `id` bigint(20) UNSIGNED NOT NULL AUTO_INCREMENT, AUTO_INCREMENT=48;

--
-- AUTO_INCREMENT for table `return_receive_childs`
--
ALTER TABLE `return_receive_childs`
  MODIFY `id` bigint(20) UNSIGNED NOT NULL AUTO_INCREMENT;

--
-- AUTO_INCREMENT for table `return_receive_parents`
--
ALTER TABLE `return_receive_parents`
  MODIFY `id` bigint(20) UNSIGNED NOT NULL AUTO_INCREMENT;

--
-- AUTO_INCREMENT for table `roles`
--
ALTER TABLE `roles`
  MODIFY `id` bigint(20) UNSIGNED NOT NULL AUTO_INCREMENT, AUTO_INCREMENT=7;

--
-- AUTO_INCREMENT for table `signitures`
--
ALTER TABLE `signitures`
  MODIFY `id` bigint(20) UNSIGNED NOT NULL AUTO_INCREMENT, AUTO_INCREMENT=4;

--
-- AUTO_INCREMENT for table `suppliers`
--
ALTER TABLE `suppliers`
  MODIFY `id` bigint(20) UNSIGNED NOT NULL AUTO_INCREMENT, AUTO_INCREMENT=2;

--
-- AUTO_INCREMENT for table `users`
--
ALTER TABLE `users`
  MODIFY `id` bigint(20) UNSIGNED NOT NULL AUTO_INCREMENT, AUTO_INCREMENT=17;

--
-- AUTO_INCREMENT for table `warehouses`
--
ALTER TABLE `warehouses`
  MODIFY `id` bigint(20) UNSIGNED NOT NULL AUTO_INCREMENT, AUTO_INCREMENT=254;

--
-- Constraints for dumped tables
--

--
-- Constraints for table `damage_receive_childs`
--
ALTER TABLE `damage_receive_childs`
  ADD CONSTRAINT `damage_receive_childs_damage_receive_parent_id_foreign` FOREIGN KEY (`damage_receive_parent_id`) REFERENCES `damage_receive_parents` (`id`),
  ADD CONSTRAINT `damage_receive_childs_requisition_child_id_foreign` FOREIGN KEY (`requisition_child_id`) REFERENCES `requisition_childs` (`id`);

--
-- Constraints for table `damage_receive_parents`
--
ALTER TABLE `damage_receive_parents`
  ADD CONSTRAINT `damage_receive_parents_received_by_foreign` FOREIGN KEY (`received_by`) REFERENCES `users` (`id`),
  ADD CONSTRAINT `damage_receive_parents_requisition_parent_id_foreign` FOREIGN KEY (`requisition_parent_id`) REFERENCES `requisition_parents` (`id`);

--
-- Constraints for table `issued_list_childs`
--
ALTER TABLE `issued_list_childs`
  ADD CONSTRAINT `issued_list_childs_issued_list_parents_id_foreign` FOREIGN KEY (`issued_list_parents_id`) REFERENCES `issued_list_parents` (`id`),
  ADD CONSTRAINT `issued_list_childs_requisition_child_id_foreign` FOREIGN KEY (`requisition_child_id`) REFERENCES `requisition_childs` (`id`);

--
-- Constraints for table `issued_list_parents`
--
ALTER TABLE `issued_list_parents`
  ADD CONSTRAINT `issued_list_parents_issued_by_foreign` FOREIGN KEY (`issued_by`) REFERENCES `users` (`id`),
  ADD CONSTRAINT `issued_list_parents_requisition_vou_no_foreign` FOREIGN KEY (`requisition_vou_no`) REFERENCES `requisition_parents` (`id`);

--
-- Constraints for table `model_has_permissions`
--
ALTER TABLE `model_has_permissions`
  ADD CONSTRAINT `model_has_permissions_permission_id_foreign` FOREIGN KEY (`permission_id`) REFERENCES `permissions` (`id`) ON DELETE CASCADE;

--
-- Constraints for table `model_has_roles`
--
ALTER TABLE `model_has_roles`
  ADD CONSTRAINT `model_has_roles_role_id_foreign` FOREIGN KEY (`role_id`) REFERENCES `roles` (`id`) ON DELETE CASCADE;

--
-- Constraints for table `products`
--
ALTER TABLE `products`
  ADD CONSTRAINT `products_brand_name_foreign` FOREIGN KEY (`brand_name`) REFERENCES `product_brands` (`id`),
  ADD CONSTRAINT `products_created_by_foreign` FOREIGN KEY (`created_by`) REFERENCES `users` (`id`),
  ADD CONSTRAINT `products_product_type_name_foreign` FOREIGN KEY (`product_type_name`) REFERENCES `product_types` (`id`),
  ADD CONSTRAINT `products_unit_id_foreign` FOREIGN KEY (`unit_id`) REFERENCES `product_units` (`id`);

--
-- Constraints for table `product_brands`
--
ALTER TABLE `product_brands`
  ADD CONSTRAINT `product_brands_created_by_foreign` FOREIGN KEY (`created_by`) REFERENCES `users` (`id`);

--
-- Constraints for table `product_categories`
--
ALTER TABLE `product_categories`
  ADD CONSTRAINT `product_categories_created_by_foreign` FOREIGN KEY (`created_by`) REFERENCES `users` (`id`);

--
-- Constraints for table `product_types`
--
ALTER TABLE `product_types`
  ADD CONSTRAINT `product_types_created_by_foreign` FOREIGN KEY (`created_by`) REFERENCES `users` (`id`),
  ADD CONSTRAINT `product_types_product_category_foreign` FOREIGN KEY (`product_category`) REFERENCES `product_categories` (`id`);

--
-- Constraints for table `product_units`
--
ALTER TABLE `product_units`
  ADD CONSTRAINT `product_units_created_by_foreign` FOREIGN KEY (`created_by`) REFERENCES `users` (`id`);

--
-- Constraints for table `purchases_child_tbl`
--
ALTER TABLE `purchases_child_tbl`
  ADD CONSTRAINT `purchases_child_tbl_product_id_foreign` FOREIGN KEY (`product_id`) REFERENCES `products` (`id`),
  ADD CONSTRAINT `purchases_child_tbl_purchase_parent_id_foreign` FOREIGN KEY (`purchase_parent_id`) REFERENCES `purchases_parent_tbl` (`id`);

--
-- Constraints for table `purchases_parent_tbl`
--
ALTER TABLE `purchases_parent_tbl`
  ADD CONSTRAINT `purchases_parent_tbl_created_by_foreign` FOREIGN KEY (`created_by`) REFERENCES `users` (`id`),
  ADD CONSTRAINT `purchases_parent_tbl_purchase_order_no_foreign` FOREIGN KEY (`purchase_order_no`) REFERENCES `purchase_order_parents` (`id`),
  ADD CONSTRAINT `purchases_parent_tbl_supplier_id_foreign` FOREIGN KEY (`supplier_id`) REFERENCES `suppliers` (`id`);

--
-- Constraints for table `purchase_order_childs`
--
ALTER TABLE `purchase_order_childs`
  ADD CONSTRAINT `purchase_order_childs_product_id_foreign` FOREIGN KEY (`product_id`) REFERENCES `products` (`id`),
  ADD CONSTRAINT `purchase_order_childs_purchase_order_no_foreign` FOREIGN KEY (`purchase_order_no`) REFERENCES `purchase_order_parents` (`id`);

--
-- Constraints for table `purchase_order_parents`
--
ALTER TABLE `purchase_order_parents`
  ADD CONSTRAINT `purchase_order_parents_prepared_by_foreign` FOREIGN KEY (`prepared_by`) REFERENCES `users` (`id`);

--
-- Constraints for table `requisition_childs`
--
ALTER TABLE `requisition_childs`
  ADD CONSTRAINT `requisition_childs_product_id_foreign` FOREIGN KEY (`product_id`) REFERENCES `products` (`id`),
  ADD CONSTRAINT `requisition_childs_requisition_parent_id_foreign` FOREIGN KEY (`requisition_parent_id`) REFERENCES `requisition_parents` (`id`);

--
-- Constraints for table `requisition_parents`
--
ALTER TABLE `requisition_parents`
  ADD CONSTRAINT `requisition_parents_requisition_by_foreign` FOREIGN KEY (`requisition_by`) REFERENCES `users` (`id`);

--
-- Constraints for table `return_receive_childs`
--
ALTER TABLE `return_receive_childs`
  ADD CONSTRAINT `return_receive_childs_requisition_child_id_foreign` FOREIGN KEY (`requisition_child_id`) REFERENCES `requisition_childs` (`id`),
  ADD CONSTRAINT `return_receive_childs_return_receive_parent_id_foreign` FOREIGN KEY (`return_receive_parent_id`) REFERENCES `return_receive_parents` (`id`);

--
-- Constraints for table `return_receive_parents`
--
ALTER TABLE `return_receive_parents`
  ADD CONSTRAINT `return_receive_parents_received_by_foreign` FOREIGN KEY (`received_by`) REFERENCES `users` (`id`),
  ADD CONSTRAINT `return_receive_parents_requisition_parent_id_foreign` FOREIGN KEY (`requisition_parent_id`) REFERENCES `requisition_parents` (`id`);

--
-- Constraints for table `role_has_permissions`
--
ALTER TABLE `role_has_permissions`
  ADD CONSTRAINT `role_has_permissions_permission_id_foreign` FOREIGN KEY (`permission_id`) REFERENCES `permissions` (`id`) ON DELETE CASCADE,
  ADD CONSTRAINT `role_has_permissions_role_id_foreign` FOREIGN KEY (`role_id`) REFERENCES `roles` (`id`) ON DELETE CASCADE;

--
-- Constraints for table `signitures`
--
ALTER TABLE `signitures`
  ADD CONSTRAINT `signitures_created_by_foreign` FOREIGN KEY (`created_by`) REFERENCES `users` (`id`);

--
-- Constraints for table `suppliers`
--
ALTER TABLE `suppliers`
  ADD CONSTRAINT `suppliers_created_by_foreign` FOREIGN KEY (`created_by`) REFERENCES `users` (`id`);

--
-- Constraints for table `users`
--
ALTER TABLE `users`
  ADD CONSTRAINT `users_department_id_foreign` FOREIGN KEY (`department_id`) REFERENCES `departments` (`id`);

--
-- Constraints for table `warehouses`
--
ALTER TABLE `warehouses`
  ADD CONSTRAINT `warehouses_product_id_foreign` FOREIGN KEY (`product_id`) REFERENCES `products` (`id`);
COMMIT;

/*!40101 SET CHARACTER_SET_CLIENT=@OLD_CHARACTER_SET_CLIENT */;
/*!40101 SET CHARACTER_SET_RESULTS=@OLD_CHARACTER_SET_RESULTS */;
/*!40101 SET COLLATION_CONNECTION=@OLD_COLLATION_CONNECTION */;
